NETHZ: ahennig

Total Points: 5
Total Percentage: 100%

Compile Error: NO
Timeout: NO

testCountAssimilated01: PASS
testCountAssimilated02: PASS
testCountAssimilated03: PASS
testCountAssimilated04: PASS
testCountAssimilated05: PASS
testCountAssimilated06: PASS
testCountAssimilated07: PASS
testCountAssimilated08: PASS
testCountAssimilated09: PASS
testCountAssimilated10: PASS
testCountAssimilated11: PASS
testCountAssimilated12: PASS
testCountAssimilated13: PASS
testCountAssimilated14: PASS
testCountAssimilated15: PASS
testCountAssimilated16: PASS
testCountAssimilated17: PASS
testCountAssimilated18: PASS
testCountAssimilated19: PASS
testCountAssimilated20: PASS


Folgende Test-Datei wurde für die Bewertung verwendet:

import org.junit.jupiter.api.Test;

import static org.junit.jupiter.api.Assertions.*;


public class GradingAssimilatedTest {

	@Test
    public void testCountAssimilated01() {
        int[][] matrix = new int[][] {
                {1, 1, 1},
                {1, 1, 1},
                {1, 1, 1}
        };
        int result = Matrix.countAssimilated(matrix);

        assertEquals(9, result);
    }

	@Test
    public void testCountAssimilated02() {
        int[][] matrix = new int[][] {
                {7, 7, 7},
                {7, 1, 7},
                {7, 7, 7}
        };
        int result = Matrix.countAssimilated(matrix);

        assertEquals(1, result);
    }

	@Test
    public void testCountAssimilated03() {
        int[][] matrix = new int[][] {
                {7, 7, 7},
                {7, -1, 7},
                {7, 7, 7}
        };
        int result = Matrix.countAssimilated(matrix);

        assertEquals(1, result);
    }

	@Test
    public void testCountAssimilated04() {
        int[][] matrix = new int[][] {
                {1, 1, 1, 1, 1, 1, 1, 1},
                {1, 1, 1, 1, 1, 1, 1, 1},
                {1, 1, 1, 1, 1, 1, 1, 1}
        };
        int result = Matrix.countAssimilated(matrix);

        assertEquals(24, result);
    }

	@Test
    public void testCountAssimilated05() {
        int[][] matrix = new int[][] {
                {1, 1, 1},
                {1, 1, 1},
                {1, 1, 1},
                {1, 1, 1},
                {1, 1, 1},
                {1, 1, 1},
                {1, 1, 1},
                {1, 1, 1}
        };
        int result = Matrix.countAssimilated(matrix);

        assertEquals(24, result);
    }

	@Test
	public void testCountAssimilated06() {
		int[][] matrix = new int[][]
			{
				{ 76, -93, -55, -34, -23, -65,  14, -40,  34},
				{ 21, -86, -10,  26,  63, -46,  60,  27, -21},
				{-83,  80,   6, -28, -32,   2,  32,  53,  -9}

			};
	    int result = Matrix.countAssimilated(matrix);

	    assertEquals(3, result);
	}

	@Test
	public void testCountAssimilated07() {
		int[][] matrix = new int[][]
			{
				{ 34, -52, -19},
				{-23,  11,   5},
				{ 48, -93, -25},
				{ 56,  77,  32},
				{ 83,  62, -98},
				{-65,  80,  81},
				{  8, -14,  96},
				{ 41, -11,   2},
				{ 70,  14, -41}
			};
	    int result = Matrix.countAssimilated(matrix);

	    assertEquals(2, result);
	}

	@Test
    public void testCountAssimilated08() {
		int[][] matrix =
			{
				{   7,   -3,   -5,   -9,   -8,    6,   -4,   -4,   -8,    4,    3,    6,    5,   -3,    2,    5,    8,    7,   -6,    9,    9,   -2,    7,   -8,   -6,    8,    9,   -6,  -10,    6,   -7,   -6,   -9,   -7,    1,   -1,    9,    6,   -5,   -2,    1,    8,   -6,    3,    9,   -4,   -9,   -3,   -3,    2,  -10,    4,   -2,   -8,    3,    2,   -3,    7,    7,    6,    8,  -10,   -2,    2,   -9,   -3,   -3,  -10,    8,    9,   -8,   -8,    1,    7,   -2,    6,   -7,    9,    9,    6,    8,   -1,    3,    5,   -4,   -9,    2,    6,  -10,   -6,  -10,    2,   -5,   -2,  -10,   -8,   -8,   -3,   -6,   -2},
				{   7,    3,   -9,   -1,   -1,    1,    3,  -10,   -9,  -10,    4,    2,    5,   -4,   -8,   -7,    6,   -8,   -4,    8,   -4,    6,   -7,   -5,   -6,    8,    9,    1,    8,    8,    7,    9,   -3,   -9,    6,    8,   -9,  -10,    9,    4,   -1,    2,    4,   -4,  -10,    1,    9,    8,   -8,   -6,    5,   -8,  -10,    2,   -7,   -7,    7,    6,    7,    5,    6,   -3,   -4,    4,    5,    1,   -5,    6,    6,   -2,    7,   -3,   -9,   -6,    4,    1,   -6,   -4,    7,   -2,   -3,  -10,   -6,   -6,    1,    5,    5,   -8,   -9,    1,   -9,    4,   -9,   -1,   -1,    2,   -8,   -6,    5,   -1},
				{  -3,   -6,    4,   -8,    7,   -4,    2,    2,    2,   -8,   -2,    5,   -2,    5,   -3,    9,    1,   -9,   -6,   -4,    9,   -4,  -10,    6,    3,    6,    9,    6,   -1,    5,   -3,  -10,   -5,   -3,    4,   -5,   -3,    1,   -4,    3,   -1,   -3,   -3,   -3,    5,    7,   -6,   -8,    4,    4,    9,   -6,    6,    5,    5,    6,   -9,    1,   -1,    5,   -5,   -3,   -7,  -10,    1,   -9,   -4,    1,   -8,    6,   -8,    4,   -7,   -2,  -10,    1,   -6,    1,   -2,    8,   -2,   -7,    2,   -2,    3,   -8,    8,    1,   -7,   -6,   -5,   -7,   -1,   -7,    2,    7,   -3,   -4,    8,  -10}
			};
        int result = Matrix.countAssimilated(matrix);

        assertEquals(92, result);
    }



	@Test
	public void testCountAssimilated09() {
		int[][] matrix = new int[][]
			{
				{ 23,  23,  23,  23,  23,  23,  23,  23,  23},
				{ 23,  23,  23,  23,  23,  23,  23,  23,  23},
				{ 23,  23,  23,  23,  23,  23,  23,  23,  23},
				{ 23,  23,  23,  23,  23,  23,  23,  23,  23},
				{ 23,  23,  23,  23,  23,  23,  23,  23,  23},
				{ 23,  23,  23,  23,  23,  23,  23,  23,  23},
				{ 23,  23,  23,  23,  23,  23,  23,  23,  23},
				{ 23,  23,  23,  23,  23,  23,  23,  23,  23},
				{ 23,  23,  23,  23,  23,  23,  23,  23,  23}
			};
	    int result = Matrix.countAssimilated(matrix);

	    assertEquals(81, result);
	}



	@Test
	public void testCountAssimilated10() {
		int[][] matrix = new int[][]
			{
				{  1,   2,   3,   4,   5,   6,   7,   8,   9,  10},
				{  2,   4,   6,   8,  10,  12,  14,  16,  18,  20},
				{  3,   6,   9,  12,  15,  18,  21,  24,  27,  30},
				{  4,   8,  12,  16,  20,  24,  28,  32,  36,  40},
				{  5,  10,  15,  20,  25,  30,  35,  40,  45,  50},
				{  6,  12,  18,  24,  30,  36,  42,  48,  54,  60},
				{  7,  14,  21,  28,  35,  42,  49,  56,  63,  70},
				{  8,  16,  24,  32,  40,  48,  56,  64,  72,  80},
				{  9,  18,  27,  36,  45,  54,  63,  72,  81,  90},
				{ 10,  20,  30,  40,  50,  60,  70,  80,  90, 100}
			};
	    int result = Matrix.countAssimilated(matrix);

	    assertEquals(81, result);
	}


	@Test
    public void testCountAssimilated11() {
        int[][] matrix = new int[][]
        	{
        		{ 27,  73,  42,  58,  83,  92,  86,  19,  68},
            	{ 39,  28,  89,  81,  36,   7,  63,  24,  45},
            	{ 22,  43,  94,  45,  47,  58,  64,  39,  35},
            	{ 17,  93,  86,  81,   5,  61,  21,  32,  13},
            	{ 56,  23,  31,  58,  94,  59,  20,  59,  35},
            	{ 79,  57,  39,  46,  35,  67,  96,  67,  78},
            	{ 82,   1,  38,  44,  87,   4,  52,  30,  45},
            	{ 18,  16,  50,  73,  64,  67,  71,  97,  93},
            	{ 52,  78,  26,  92,  24,  36,  62,  11,  13}
        	};
        int result = Matrix.countAssimilated(matrix);

        assertEquals(4, result);
    }

	@Test
	public void testCountAssimilated12() {
		int[][] matrix = new int[][]
			{
				{-98, -44, -100,  24,  52,  75,  83,   2,  46},
				{-84, -26, -65,  19, -48, -31, -97,  94,  55},
				{ 48,  37, -93,  12, -80,  13, -78,  91, -85},
				{ 10,  44,   1, -37,  57,  11,  56,  95,  45},
				{ 46, -74,  59, -48, -55, -87, -55, -38, -21},
				{ 17, -18, -63,  41,  -6, -40,  94, -88, -44},
				{-77, -16,  96,  25,  59,  87, -69, -86, -37},
				{ 38,  45, -98, -92,  14, -74,  40, -47, -12},
				{-30, -68,  39,  78,  10,  30,  26, -89,  -4}
			};
	    int result = Matrix.countAssimilated(matrix);

	    assertEquals(4, result);
	}


	@Test
    public void testCountAssimilated13() {
		int[][] matrix =
			{
				{  -1,   -1,   -1,   -1,   -1,   -1,   -1,   -1,   -1,   -1,   -1,   -1,   -1,   -1,   -1,   -1,   -1,   -1,   -1,   -1,   -1,   -1,   -1,   -1,   -1,   -1,   -1,   -1,   -1,   -1},
				{  -1,   -2,   -3,   -4,   -5,   -6,   -7,   -8,   -9,  -10,  -11,  -12,  -13,  -14,  -15,  -16,  -17,  -18,  -19,  -20,  -21,  -22,  -23,  -24,  -25,  -26,  -27,  -28,  -29,  -30},
				{  -1,   -3,   -5,   -7,   -9,  -11,  -13,  -15,  -17,  -19,  -21,  -23,  -25,  -27,  -29,  -31,  -33,  -35,  -37,  -39,  -41,  -43,  -45,  -47,  -49,  -51,  -53,  -55,  -57,  -59},
				{  -1,   -4,   -7,  -10,  -13,  -16,  -19,  -22,  -25,  -28,  -31,  -34,  -37,  -40,  -43,  -46,  -49,  -52,  -55,  -58,  -61,  -64,  -67,  -70,  -73,  -76,  -79,  -82,  -85,  -88},
				{  -1,   -5,   -9,  -13,  -17,  -21,  -25,  -29,  -33,  -37,  -41,  -45,  -49,  -53,  -57,  -61,  -65,  -69,  -73,  -77,  -81,  -85,  -89,  -93,  -97, -101, -105, -109, -113, -117},
				{  -1,   -6,  -11,  -16,  -21,  -26,  -31,  -36,  -41,  -46,  -51,  -56,  -61,  -66,  -71,  -76,  -81,  -86,  -91,  -96, -101, -106, -111, -116, -121, -126, -131, -136, -141, -146},
				{  -1,   -7,  -13,  -19,  -25,  -31,  -37,  -43,  -49,  -55,  -61,  -67,  -73,  -79,  -85,  -91,  -97, -103, -109, -115, -121, -127, -133, -139, -145, -151, -157, -163, -169, -175},
				{  -1,   -8,  -15,  -22,  -29,  -36,  -43,  -50,  -57,  -64,  -71,  -78,  -85,  -92,  -99, -106, -113, -120, -127, -134, -141, -148, -155, -162, -169, -176, -183, -190, -197, -204},
				{  -1,   -9,  -17,  -25,  -33,  -41,  -49,  -57,  -65,  -73,  -81,  -89,  -97, -105, -113, -121, -129, -137, -145, -153, -161, -169, -177, -185, -193, -201, -209, -217, -225, -233},
				{  -1,  -10,  -19,  -28,  -37,  -46,  -55,  -64,  -73,  -82,  -91, -100, -109, -118, -127, -136, -145, -154, -163, -172, -181, -190, -199, -208, -217, -226, -235, -244, -253, -262},
				{  -1,  -11,  -21,  -31,  -41,  -51,  -61,  -71,  -81,  -91, -101, -111, -121, -131, -141, -151, -161, -171, -181, -191, -201, -211, -221, -231, -241, -251, -261, -271, -281, -291},
				{  -1,  -12,  -23,  -34,  -45,  -56,  -67,  -78,  -89, -100, -111, -122, -133, -144, -155, -166, -177, -188, -199, -210, -221, -232, -243, -254, -265, -276, -287, -298, -309, -320},
				{  -1,  -13,  -25,  -37,  -49,  -61,  -73,  -85,  -97, -109, -121, -133, -145, -157, -169, -181, -193, -205, -217, -229, -241, -253, -265, -277, -289, -301, -313, -325, -337, -349},
				{  -1,  -14,  -27,  -40,  -53,  -66,  -79,  -92, -105, -118, -131, -144, -157, -170, -183, -196, -209, -222, -235, -248, -261, -274, -287, -300, -313, -326, -339, -352, -365, -378},
				{  -1,  -15,  -29,  -43,  -57,  -71,  -85,  -99, -113, -127, -141, -155, -169, -183, -197, -211, -225, -239, -253, -267, -281, -295, -309, -323, -337, -351, -365, -379, -393, -407},
				{  -1,  -16,  -31,  -46,  -61,  -76,  -91, -106, -121, -136, -151, -166, -181, -196, -211, -226, -241, -256, -271, -286, -301, -316, -331, -346, -361, -376, -391, -406, -421, -436},
				{  -1,  -17,  -33,  -49,  -65,  -81,  -97, -113, -129, -145, -161, -177, -193, -209, -225, -241, -257, -273, -289, -305, -321, -337, -353, -369, -385, -401, -417, -433, -449, -465},
				{  -1,  -18,  -35,  -52,  -69,  -86, -103, -120, -137, -154, -171, -188, -205, -222, -239, -256, -273, -290, -307, -324, -341, -358, -375, -392, -409, -426, -443, -460, -477, -494},
				{  -1,  -19,  -37,  -55,  -73,  -91, -109, -127, -145, -163, -181, -199, -217, -235, -253, -271, -289, -307, -325, -343, -361, -379, -397, -415, -433, -451, -469, -487, -505, -523},
				{  -1,  -20,  -39,  -58,  -77,  -96, -115, -134, -153, -172, -191, -210, -229, -248, -267, -286, -305, -324, -343, -362, -381, -400, -419, -438, -457, -476, -495, -514, -533, -552}
			};

        int result = Matrix.countAssimilated(matrix);

        assertEquals(553, result);
    }


	@Test
    public void testCountAssimilated14() {
		int[][] matrix =
			{
				{ 49,  32,  87,  76,  57,  60,  19,  14,   5,  36,  76,  68,  46,  13,  27,  75,  14,  62,  13,  91,  29,  85,  81,  16,  25,  41,  79,  88,  68,  83},
				{ 71,  44,  68,   2,  22,  94,   5,  67,  18,  80,  63,   9,  29,  92,  32,  62,  39,  99,  94,  12,  17,  15,  10,  39,  26,  21,  56,  56,  77,  25},
				{ 51,  82,  54,  91,  33,  68,  90,  62,  20,  52,  83,  26,  40,  12,  45,  70,  93,  27,   2,  65,  94,  31,  64,  76,  12,  89,  88,   1,  57,  34},
				{ 28,  18,  16,  66,  38,  16,  33,  86,  33,  92,   2,  44,  66,  85,  14,  31,   7,  43,  88,  60,  32,  19,  21,  70,  40,  59,  56,  45,  84,  83},
				{ 91,  39,  13,  55,  56,  59,  54,  56,  96,  97,  84,  96,  50,  47,   4,  70,  63,  81,  64,  93,  84,  53,  77,  88,  92,  49,   5,   4,  11,  51},
				{ 53,  31,  55,  96,  53,  56,   7,   2,  39,  69,  22,  75,  94,  84,   7,   6,  81,  31,  11,  37,  60,  38,  95,  54,  15,  94,  49,  28,  66,  41},
				{ 26,  57,  17,  29,  50,  49,  18,  56,  44,  94,  84,  60,  60,  95,  18,  43,  74,  76,  41,  90,  69,  72,  47,  24,  62,  70,  83,  64,  12,  74},
				{ 59,  47,  66,  24,  52,  80,  76,  90,  60,  37,  86,  71,  42,  17,  97,  49,  42,  72,  48,  43,  82,   4,  97,  30,  34,  44,  93,  45,  39,  49},
				{ 88,  92,  99,  70,  78,  21,  12,  12,  97,  11,  52,  37,  78,  20,  67,  35,  36,  94,  71,  92,  95,  25,  77,  95,  18,  51,  52,  78,  20,  60},
				{ 74,  76,   1,  21,  71,  47,  49,  21,  63,  44,  24,   8,  49,  78,   9,  88,  34,  68,   1,  92,  50,  31,  40,  43,  84,  41,  87,  10,  71,  26},
				{ 77,  94,   1,   3,  82,  93,   4,  65,  40,  38,  82,  96,  21,  29,  56,  18,  95,  32,   5,  76,  61,  87,  23,  38,  75,  29,  97,  59,   3,   8},
				{ 87,  99,  44,  99,  84,   4,  48,  99,  29,  64,  61,  23,  16,  41,  20,  42,  80,  49,  86,  72,  75,  53,  13,  26,  66,  40,  59,  86,   8,  24},
				{ 90,   1,  75,  35,  29,  24,  52,  89,  18,  51,  79,  76,  17,  22,  64,  55,  28,  30,  37,  24,  41,  30,   8,  87,  38,  55,  27,  19,  52,  51},
				{  3,  47,  28,  39,  90,  47,  19,  61,  63,  18,  96,  51,  41,  68,  43,  74,  47,  97,   9,  47,  27,  45,   3,  60,   1,  84,  21,  88,  87,  69},
				{ 90,  55,  38,  33,  97,   5,  66,  82,  79,  47,  39,  54,  41,  80,  49,  33,  28,  25,  73,  67,  35,  47,  67,  22,  63,  42,  78,  11,  68,  33},
				{  1,  80,  84,  40,   7,  77,  19,  59,  80,  96,   2,  30,  76,  12,  80,  39,  54,  29,  75,  90,  21,   6,  68,  84,  78,  87,  94,  74,  81,  79},
				{ 86,  78,  59,  78,  87,   6,  23,  33,  61,  13,  54,   3,  37,  34,  56,  42,  95,  86,  79,  39,  34,  42,  55,   8,  47,  87,  45,  59,  71,  19},
				{ 41,  80,   5,  88,  14,   6,  49,  81,  51,  75,  69,  79,  19,  16,  76,  84,  97,  44,   6,  48,  76,  39,  65,  15,  65,  33,  39,  33,  78,  10},
				{ 28,  66,  49,  41,  51,  47,  34,  53,  73,  23,  65,  14,  22,  23,  30,  32,  76,  40,  28,  18,  46,  25,  64,  86,   6,  21,  12,   9,  28,  28},
				{ 42,  88,  24,  96,   7,  56,  83,  84,  50,  83,  81,  63,  18,  16,  49,  42,  30,  97,  18,  23,   6,  77,   3,  67,  35,  92,  35,  41,  76,   7}
			};
        int result = Matrix.countAssimilated(matrix);

        assertEquals(43, result);
    }

	@Test
    public void testCountAssimilated15() {
        int[][] matrix =
        	{
                {1, -1, 1, -1, 1, -1, 1, -1, 1, -1, 1, -1, 1, -1, 1, -1, 1, -1, 1, -1, 1, -1, 1, -1, 1, -1, 1, -1},
                {-1, 1, -1, 1, -1, 1, -1, 1, -1, 1, -1, 1, -1, 1, -1, 1, -1, 1, -1, 1, -1, 1, -1, 1, -1, 1, -1, 1},
                {1, -1, 1, -1, 1, -1, 1, -1, 1, -1, 1, -1, 1, -1, 1, -1, 1, -1, 1, -1, 1, -1, 1, -1, 1, -1, 1, -1},
                {-1, 1, -1, 1, -1, 1, -1, 1, -1, 1, -1, 1, -1, 1, -1, 1, -1, 1, -1, 1, -1, 1, -1, 1, -1, 1, -1, 1},
                {1, -1, 1, -1, 1, -1, 1, -1, 1, -1, 1, -1, 1, -1, 1, -1, 1, -1, 1, -1, 1, -1, 1, -1, 1, -1, 1, -1},
                {-1, 1, -1, 1, -1, 1, -1, 1, -1, 1, -1, 1, -1, 1, -1, 1, -1, 1, -1, 1, -1, 1, -1, 1, -1, 1, -1, 1},
                {1, -1, 1, -1, 1, -1, 1, -1, 1, -1, 1, -1, 1, -1, 1, -1, 1, -1, 1, -1, 1, -1, 1, -1, 1, -1, 1, -1},
                {-1, 1, -1, 1, -1, 1, -1, 1, -1, 1, -1, 1, -1, 1, -1, 1, -1, 1, -1, 1, -1, 1, -1, 1, -1, 1, -1, 1},
                {1, -1, 1, -1, 1, -1, 1, -1, 1, -1, 1, -1, 1, -1, 1, -1, 1, -1, 1, -1, 1, -1, 1, -1, 1, -1, 1, -1},
                {-1, 1, -1, 1, -1, 1, -1, 1, -1, 1, -1, 1, -1, 1, -1, 1, -1, 1, -1, 1, -1, 1, -1, 1, -1, 1, -1, 1},
                {1, -1, 1, -1, 1, -1, 1, -1, 1, -1, 1, -1, 1, -1, 1, -1, 1, -1, 1, -1, 1, -1, 1, -1, 1, -1, 1, -1},
                {-1, 1, -1, 1, -1, 1, -1, 1, -1, 1, -1, 1, -1, 1, -1, 1, -1, 1, -1, 1, -1, 1, -1, 1, -1, 1, -1, 1},
                {1, -1, 1, -1, 1, -1, 1, -1, 1, -1, 1, -1, 1, -1, 1, -1, 1, -1, 1, -1, 1, -1, 1, -1, 1, -1, 1, -1},
                {-1, 1, -1, 1, -1, 1, -1, 1, -1, 1, -1, 1, -1, 1, -1, 1, -1, 1, -1, 1, -1, 1, -1, 1, -1, 1, -1, 1}
        	};
        int result = Matrix.countAssimilated(matrix);

        assertEquals(392, result);
    }



	@Test
    public void testCountAssimilated16() {
        int[][] matrix =
        	{
                {2, 1, 2, 1, 2, 1, 2, 1, 2, 1, 2, 1, 2, 1, 2, 1, 2, 1, 2, 1, 2, 1, 2, 1, 2, 1, 2, 1},
                {1, 2, 1, 2, 1, 2, 1, 2, 1, 2, 1, 2, 1, 2, 1, 2, 1, 2, 1, 2, 1, 2, 1, 2, 1, 2, 1, 2},
                {2, 1, 2, 1, 2, 1, 2, 1, 2, 1, 2, 1, 2, 1, 2, 1, 2, 1, 2, 1, 2, 1, 2, 1, 2, 1, 2, 1},
                {1, 2, 1, 2, 1, 2, 1, 2, 1, 2, 1, 2, 1, 2, 1, 2, 1, 2, 1, 2, 1, 2, 1, 2, 1, 2, 1, 2},
                {2, 1, 2, 1, 2, 1, 2, 1, 2, 1, 2, 1, 2, 1, 2, 1, 2, 1, 2, 1, 2, 1, 2, 1, 2, 1, 2, 1},
                {1, 2, 1, 2, 1, 2, 1, 2, 1, 2, 1, 2, 1, 2, 1, 2, 1, 2, 1, 2, 1, 2, 1, 2, 1, 2, 1, 2},
                {2, 1, 2, 1, 2, 1, 2, 1, 2, 1, 2, 1, 2, 1, 2, 1, 2, 1, 2, 1, 2, 1, 2, 1, 2, 1, 2, 1},
                {1, 2, 1, 2, 1, 2, 1, 2, 1, 2, 1, 2, 1, 2, 1, 2, 1, 2, 1, 2, 1, 2, 1, 2, 1, 2, 1, 2},
                {2, 1, 2, 1, 2, 1, 2, 1, 2, 1, 2, 1, 2, 1, 2, 1, 2, 1, 2, 1, 2, 1, 2, 1, 2, 1, 2, 1},
                {1, 2, 1, 2, 1, 2, 1, 2, 1, 2, 1, 2, 1, 2, 1, 2, 1, 2, 1, 2, 1, 2, 1, 2, 1, 2, 1, 2},
                {2, 1, 2, 1, 2, 1, 2, 1, 2, 1, 2, 1, 2, 1, 2, 1, 2, 1, 2, 1, 2, 1, 2, 1, 2, 1, 2, 1},
                {1, 2, 1, 2, 1, 2, 1, 2, 1, 2, 1, 2, 1, 2, 1, 2, 1, 2, 1, 2, 1, 2, 1, 2, 1, 2, 1, 2},
                {2, 1, 2, 1, 2, 1, 2, 1, 2, 1, 2, 1, 2, 1, 2, 1, 2, 1, 2, 1, 2, 1, 2, 1, 2, 1, 2, 1},
                {1, 2, 1, 2, 1, 2, 1, 2, 1, 2, 1, 2, 1, 2, 1, 2, 1, 2, 1, 2, 1, 2, 1, 2, 1, 2, 1, 2}
        	};
        int result = Matrix.countAssimilated(matrix);

        assertEquals(354, result);
    }

	@Test
    public void testCountAssimilated17() {
        int[][] matrix =
        	{
    			{   1,    2,    3,    4,    5,    6,    7,    8,    9,   10,   11,   12,   13,   14,   15,   16,   17,   18,   19,   20,   21,   22,   23,   24,   25,   26,   27,   28,   29,   30},
    			{  31,   32,   33,   34,   35,   36,   37,   38,   39,   40,   41,   42,   43,   44,   45,   46,   47,   48,   49,   50,   51,   52,   53,   54,   55,   56,   57,   58,   59,   60},
    			{  61,   62,   63,   64,   65,   66,   67,   68,   69,   70,   71,   72,   73,   74,   75,   76,   77,   78,   79,   80,   81,   82,   83,   84,   85,   86,   87,   88,   89,   90},
    			{  91,   92,   93,   94,   95,   96,   97,   98,   99,  100,  101,  102,  103,  104,  105,  106,  107,  108,  109,  110,  111,  112,  113,  114,  115,  116,  117,  118,  119,  120},
    			{ 121,  122,  123,  124,  125,  126,  127,  128,  129,  130,  131,  132,  133,  134,  135,  136,  137,  138,  139,  140,  141,  142,  143,  144,  145,  146,  147,  148,  149,  150},
    			{ 151,  152,  153,  154,  155,  156,  157,  158,  159,  160,  161,  162,  163,  164,  165,  166,  167,  168,  169,  170,  171,  172,  173,  174,  175,  176,  177,  178,  179,  180},
    			{ 181,  182,  183,  184,  185,  186,  187,  188,  189,  190,  191,  192,  193,  194,  195,  196,  197,  198,  199,  200,  201,  202,  203,  204,  205,  206,  207,  208,  209,  210},
    			{ 211,  212,  213,  214,  215,  216,  217,  218,  219,  220,  221,  222,  223,  224,  225,  226,  227,  228,  229,  230,  231,  232,  233,  234,  235,  236,  237,  238,  239,  240},
    			{ 241,  242,  243,  244,  245,  246,  247,  248,  249,  250,  251,  252,  253,  254,  255,  256,  257,  258,  259,  260,  261,  262,  263,  264,  265,  266,  267,  268,  269,  270},
    			{ 271,  272,  273,  274,  275,  276,  277,  278,  279,  280,  281,  282,  283,  284,  285,  286,  287,  288,  289,  290,  291,  292,  293,  294,  295,  296,  297,  298,  299,  300},
    			{ 301,  302,  303,  304,  305,  306,  307,  308,  309,  310,  311,  312,  313,  314,  315,  316,  317,  318,  319,  320,  321,  322,  323,  324,  325,  326,  327,  328,  329,  330},
    			{ 331,  332,  333,  334,  335,  336,  337,  338,  339,  340,  341,  342,  343,  344,  345,  346,  347,  348,  349,  350,  351,  352,  353,  354,  355,  356,  357,  358,  359,  360},
    			{ 361,  362,  363,  364,  365,  366,  367,  368,  369,  370,  371,  372,  373,  374,  375,  376,  377,  378,  379,  380,  381,  382,  383,  384,  385,  386,  387,  388,  389,  390},
    			{ 391,  392,  393,  394,  395,  396,  397,  398,  399,  400,  401,  402,  403,  404,  405,  406,  407,  408,  409,  410,  411,  412,  413,  414,  415,  416,  417,  418,  419,  420},
    			{ 421,  422,  423,  424,  425,  426,  427,  428,  429,  430,  431,  432,  433,  434,  435,  436,  437,  438,  439,  440,  441,  442,  443,  444,  445,  446,  447,  448,  449,  450},
    			{ 451,  452,  453,  454,  455,  456,  457,  458,  459,  460,  461,  462,  463,  464,  465,  466,  467,  468,  469,  470,  471,  472,  473,  474,  475,  476,  477,  478,  479,  480},
    			{ 481,  482,  483,  484,  485,  486,  487,  488,  489,  490,  491,  492,  493,  494,  495,  496,  497,  498,  499,  500,  501,  502,  503,  504,  505,  506,  507,  508,  509,  510},
    			{ 511,  512,  513,  514,  515,  516,  517,  518,  519,  520,  521,  522,  523,  524,  525,  526,  527,  528,  529,  530,  531,  532,  533,  534,  535,  536,  537,  538,  539,  540},
    			{ 541,  542,  543,  544,  545,  546,  547,  548,  549,  550,  551,  552,  553,  554,  555,  556,  557,  558,  559,  560,  561,  562,  563,  564,  565,  566,  567,  568,  569,  570},
    			{ 571,  572,  573,  574,  575,  576,  577,  578,  579,  580,  581,  582,  583,  584,  585,  586,  587,  588,  589,  590,  591,  592,  593,  594,  595,  596,  597,  598,  599,  600},
    			{ 601,  602,  603,  604,  605,  606,  607,  608,  609,  610,  611,  612,  613,  614,  615,  616,  617,  618,  619,  620,  621,  622,  623,  624,  625,  626,  627,  628,  629,  630},
    			{ 631,  632,  633,  634,  635,  636,  637,  638,  639,  640,  641,  642,  643,  644,  645,  646,  647,  648,  649,  650,  651,  652,  653,  654,  655,  656,  657,  658,  659,  660},
    			{ 661,  662,  663,  664,  665,  666,  667,  668,  669,  670,  671,  672,  673,  674,  675,  676,  677,  678,  679,  680,  681,  682,  683,  684,  685,  686,  687,  688,  689,  690},
    			{ 691,  692,  693,  694,  695,  696,  697,  698,  699,  700,  701,  702,  703,  704,  705,  706,  707,  708,  709,  710,  711,  712,  713,  714,  715,  716,  717,  718,  719,  720},
    			{ 721,  722,  723,  724,  725,  726,  727,  728,  729,  730,  731,  732,  733,  734,  735,  736,  737,  738,  739,  740,  741,  742,  743,  744,  745,  746,  747,  748,  749,  750},
    			{ 751,  752,  753,  754,  755,  756,  757,  758,  759,  760,  761,  762,  763,  764,  765,  766,  767,  768,  769,  770,  771,  772,  773,  774,  775,  776,  777,  778,  779,  780},
    			{ 781,  782,  783,  784,  785,  786,  787,  788,  789,  790,  791,  792,  793,  794,  795,  796,  797,  798,  799,  800,  801,  802,  803,  804,  805,  806,  807,  808,  809,  810},
    			{ 811,  812,  813,  814,  815,  816,  817,  818,  819,  820,  821,  822,  823,  824,  825,  826,  827,  828,  829,  830,  831,  832,  833,  834,  835,  836,  837,  838,  839,  840},
    			{ 841,  842,  843,  844,  845,  846,  847,  848,  849,  850,  851,  852,  853,  854,  855,  856,  857,  858,  859,  860,  861,  862,  863,  864,  865,  866,  867,  868,  869,  870},
    			{ 871,  872,  873,  874,  875,  876,  877,  878,  879,  880,  881,  882,  883,  884,  885,  886,  887,  888,  889,  890,  891,  892,  893,  894,  895,  896,  897,  898,  899,  900}
        	};
        int result = Matrix.countAssimilated(matrix);

        assertEquals(793, result);
    }

	@Test
    public void testCountAssimilated18() {
		int[][] matrix =
			{
				{6947, 7545, 1971, 7106, 5394, 1621, 3882, 6876, 7877, 7984, 6210, 8503, 3154, 6345, 6015, 5617, 1738, 5322,  239, 6055, 3899,  449, 6474, 4949, 3028, 2200, 1176, 8172, 2616,  867, 5916, 5727, 5644, 7590, 4462, 1898, 9435, 2800, 8887,  592, 8698, 7736, 6709, 3280, 4229, 5667, 6910, 1682, 4071, 2207},
				{7378, 7427, 3977, 8304, 6841,  395, 3922, 9220, 8811, 5447,  556, 1844, 2910, 8392,   39, 5785, 6746, 3944, 8327, 9353, 4889, 1956, 9673, 1821, 2714, 6890, 7139, 6128, 3524, 7776, 4712, 6310, 7880, 9870, 1963, 3878, 1935, 8250, 9611, 2070, 5314, 7710, 8445,  993, 9481, 7032, 7400, 2568, 7467, 8702},
				{2057,  690, 5412, 6843, 7158,  401, 9828, 5643, 6992,  243, 2036, 9279,   97, 5969, 4564, 1277, 2101, 4600, 7584, 7383, 8598, 1009, 1169,  246, 5023, 2783, 2463, 4995, 6466, 6949, 6484, 3969, 4724, 2129, 7804, 6843, 9446, 7657, 3593, 7030, 4463,  545, 9955, 6946, 4837,  917, 9036, 1234, 6219, 3881},
				{2369, 7782, 2532, 2027, 6220, 5217, 7862, 5346, 5862, 1564, 4265,  213, 4443, 9830, 9326, 8090, 3718,  790, 7917, 4009, 5339, 1167, 5414, 8701, 4563, 5742, 5849, 2631, 1618, 8371, 7266, 4318, 1892,  218, 5052, 3415, 9974,  965, 6006, 7420, 5154, 9384, 5714, 7500,  418, 9728, 5498, 3392, 6149, 2416},
				{2526, 8789, 6863, 6170, 1064, 2971, 6906, 3543,  993, 9833, 3803,  675, 7788, 8138, 9584, 1992, 8687, 3704, 5157, 3445, 9363, 7123, 1941, 1722, 8641, 3566, 1917, 7315, 6892, 7431, 3101, 5247, 6541, 6257, 5736, 6587, 6649, 8400, 2443, 4240, 2288, 9904, 5034, 6150, 4366, 9682, 3142, 8131, 5460, 1155},
				{4827, 6229, 8561, 5435, 7829, 4103, 6873, 9007, 4722, 2787, 8120,  356, 3219, 6308, 7504, 6657, 4028, 9415, 2397, 8991, 8187, 2478, 7162, 3680, 2821, 6576, 1453, 4184, 3868, 5969, 8253, 1901, 4508, 8873, 8852, 9751, 8517, 7667, 9823,  787, 8723, 4868,  130, 5514, 9801, 8038, 9064, 3321,  365, 2225},
				{9464, 2621, 5564, 1973, 7108, 5212, 4350, 5125,  347, 8595, 6356, 3283, 6814, 9512, 9646, 5733, 5296, 8379, 9001,  545, 7302, 4046, 8198, 5931, 5278, 4845, 5029, 9943, 1067, 6572, 6352,  764, 5358, 3341, 2468, 8168, 6129, 3034,  746, 8842, 1102, 4228, 5413, 8064, 4540, 1593, 5491, 7741, 2121, 4284},
				{3462,   13, 8131, 3748, 3485, 1002,   16, 4322, 5275,   92, 1325, 1920, 9033, 8542, 6211, 2899, 9271, 4348,  246, 7453, 6349, 3346, 5096, 7682, 1568, 9130, 7995, 4020, 8545, 4502, 7827, 3421, 6383, 5414, 2217, 5720, 6156, 8023, 1612, 7613, 8509, 2025, 7393, 9639, 6763, 8714,  300, 5876,  375, 7748},
				{4087, 5576, 8747, 6864, 4191,   62, 3947, 6486, 5582, 9501, 7722, 8531, 5410, 9490,  120, 6325, 3597, 1184, 5721, 1173, 3558, 7216, 6321,  545, 3820, 5815, 4780, 2549, 6651, 3219, 5146, 2645,  295, 4257, 1255, 6362, 7717, 2590,  665, 9831, 8697, 9319, 2610, 9815, 4682, 7056, 8166, 4326, 9778, 3502},
				{9686, 5320,  418, 7346, 8970, 6457, 6562, 3010,  654, 5473, 3013, 2101, 5315, 1555, 5211, 2522, 9670, 7716, 3472, 8757, 8462, 7747, 9457, 9272,  511, 7929, 6063, 5547, 8635, 7309, 6509, 6407, 9752, 2724, 5012, 7924, 7885, 3012, 3813, 6045, 8374, 7124,  798,  525, 9063, 9074, 4534, 2872, 9708, 7040},
				{7362, 1912, 2575, 4091, 3738, 5267,  435, 2698, 7414, 7029, 4270,  912, 2497, 1871, 5011, 1805,  448, 6812, 7421,  359, 6716, 9164, 3255,  737, 6682, 8255, 3336, 4517, 4444,  303, 6013, 4179, 8817, 2106, 4079, 5078, 5943, 7579, 1555, 4191, 6801, 8644, 9008, 9777, 8739, 3099, 3979, 7096, 5434, 3022},
				{2302, 1702,  121,  195, 1959,  188, 9166, 9792, 1084, 6385,  818, 7363, 1725, 4642, 5920, 6608, 1938, 4502, 9341, 6662, 2131, 4909, 2085, 5980,  262, 2372, 4967, 7981, 4579, 5032, 5382, 6396, 7972, 4757, 2416, 1510, 5912, 2729, 9340,   19, 8487, 3865, 1196, 1528, 2447, 5584, 6178, 8733, 4412, 5056},
				{3535, 2070, 8295, 5878, 9014, 1104, 6821, 4703, 7056, 7673, 2016, 9168, 7608, 7340, 6628, 3031,  694, 2569, 2671, 3020, 9193, 7309, 1691, 4627, 9437, 8610, 9960, 4704,  669, 9397, 7874, 1447, 1970, 7536, 9794, 7664, 8969, 9780, 2321, 7572, 1682, 1173,  950, 1926, 7861, 3954, 1568, 8880, 6863, 3727},
				{6096, 3801, 2234, 5777,  846, 9648,  298, 5781, 7372, 9544, 2996, 9821, 6743, 7840, 4809, 7400, 1001, 7038, 5216, 1453, 6364, 2743, 4514, 8660, 7449,  477,  943, 9217, 2767,  854, 5582, 9870, 4463, 4085,   17, 1219, 3507, 8935, 5879, 3333, 4143, 9820, 7850, 1416,   15,  623, 8201, 5410, 1584, 4100},
				{5041, 6654, 2028, 8062, 1188, 3418, 9709, 1866,  779, 4637, 1570, 1867, 2071, 9896, 8335, 2354, 7219, 8088, 6414, 7914, 9286, 8757, 5380, 2734,  869, 8587, 1615, 1976, 8917, 2306, 8795, 4118, 6046, 7180, 2772, 7003, 5467, 6298, 6789, 4031, 9165, 4891, 8511, 7204, 9984, 5907,  837, 2694, 6261, 4740},
				{4756, 8238, 2750, 9563, 1696, 6868, 7144, 3433, 1802,  526, 2674, 1996, 7662, 9817,  909, 9098, 2216, 2594, 2892, 2410, 8822, 1602, 8554, 8926, 5657, 6996, 7386, 2017, 4165, 4852, 3305, 6889, 1560, 5750, 3073, 7593, 7111, 5392, 9143, 5942, 5236, 6453, 6884, 5700, 8204, 2031, 3600, 8524, 7789, 2120},
				{4314, 6572, 6996, 1110, 4340, 7467, 3956, 9344, 2683, 9095, 6611, 2897, 6389, 8525,  110, 3799, 8835, 2900, 3869, 6920, 7062, 7975, 2801, 6387, 3438, 4685, 1498, 2574, 6893, 2119, 1830,  785, 8569, 4773, 2435, 3806, 2129, 8869, 9589, 5212, 9719, 9257, 8530, 2271, 4108, 2788, 6491, 6293, 8457, 8177},
				{4358, 3919, 8457, 1791, 5494, 3690,  516, 2733, 8172, 6537, 2966, 5758, 4679, 5217, 2335, 6153, 8374, 7905, 9091, 9489, 1662,  443, 2689, 1691, 3416, 9907, 7377, 7601, 3266, 1636, 6487,  162, 1829, 1465, 4900, 6019, 2070, 2191, 4427, 1782,  342, 6548,   17, 6982, 8052, 8635, 9117,  988, 2995, 2880},
				{4768,  641, 9990, 8482, 3886, 6353, 7911, 4754, 5274, 3976, 5175, 4647,  624,  540, 5391, 2619, 8859, 7110, 1589, 3413, 2231,   14, 2331, 2131, 3728, 3858, 2162, 4100, 5434, 9202,  268, 4144, 5146, 9132, 8542, 6693, 6785, 5471, 3284, 2991, 5833, 3662, 1374,  178, 3448, 5699, 7448, 8727, 3010, 9997},
				{9592, 2785, 5339,  407, 6592, 4667, 9209, 3974, 4884, 8480, 7880, 5823, 2277, 1670, 6999, 1667, 5468, 4199, 3727, 1033, 4898, 7310, 1876, 9462, 4284, 2011, 2180, 5163, 9188, 2707, 9773, 1530, 2818, 7463, 2139, 4438, 1241, 7198, 6975, 6199, 7502, 1794, 9275, 5079, 7668, 6148, 7385, 1900,  547, 2509},
				{7996, 3730, 8679, 8307,  846, 1124,  388, 5332, 4776, 5927, 4742, 2657,  576, 1364, 4983, 1370, 7820, 6255, 8202, 5634, 7638, 7976, 5205, 6335, 4760, 2382, 8043,   48, 2470, 2299, 5687, 4011, 9674, 1536, 9093, 9810,  491, 6861, 7642,  721, 2423, 8429, 4340, 7639, 8991, 5484, 9083, 4559, 9698, 9286},
				{1079, 8186, 2273, 5518, 9563, 1162, 4258, 7783, 6848,  797, 1505, 8643, 9084, 5828, 1312, 5141, 7905, 9967, 9630, 6661, 6722, 1848, 2838, 9232, 6128, 1896, 5358,   24, 3587, 2490, 7040, 9679, 9171, 5386, 7974, 3052, 5767, 8264, 1246, 8008, 9716, 5215, 7421, 4760, 7015, 1805, 4528, 8567, 1615,  863},
				{6525, 2990, 6993, 4667, 7256, 4403,  638, 1241,  818, 5020, 1506,  574, 6267, 1230, 9459, 2934, 4616, 4966, 6426, 4909, 6944, 7379, 3790, 3243, 8944, 1775, 1179, 1482, 3038, 5688, 6962, 5653, 3147, 7071, 5370, 2910, 2818,  555, 3924, 8828, 9997, 7371, 6060, 4992, 8886, 2679, 2715, 4994, 4795, 6193},
				{ 138, 4957, 7291, 1918, 9441, 3043, 2013, 9355, 9901, 7198, 7311,  989, 8767, 8821, 7180, 5241, 7329, 7095,  279,  221, 3332, 8503, 6884, 5769, 1110, 2419, 3990, 4605, 5951, 5859, 8755, 9953, 5674, 5547, 3331, 7611, 6240, 4461, 2727, 8768, 5007, 4670,  231, 6234, 3130, 3955, 1684, 9826, 9739, 6040},
				{  76, 5835, 5604, 9420, 5579, 1995, 1698,  493, 9710, 5046, 8050, 6651, 5188, 7384,  926, 6268, 9101, 6575, 5120, 2908, 9732, 4291, 5271, 6158, 7225, 6899, 8375,  995, 6135, 3054,  427, 3797, 4532, 4282, 8422, 7297, 9767, 6884, 4903, 1904, 7475, 3892, 7962, 7568, 9730, 9132, 8426, 3699, 2925, 4558},
				{8421, 9844, 5159, 5607, 3641,  753, 9978, 8988, 1354, 2761,  537, 8991, 9701, 4500, 6532, 1118, 9006, 1401, 9770, 1848, 4438,  864, 6169, 3181, 5385, 3397,  273,  577, 7379, 1269, 7846, 5388, 3298, 4505, 2436, 9249, 5623, 6316, 9325, 2905,  678, 7434, 6446, 6651, 5645, 7207, 4463, 6171, 5090, 1944},
				{8329, 9532, 6389, 2386,  851, 3459, 6596, 8222, 1733, 9962, 1452, 8950, 1133, 2429, 2205, 4111, 7247, 6692, 6055, 1362, 3367, 8654, 4241, 2072, 6474, 8534, 6088, 8674, 6202, 2469, 8468, 8627, 1257,   20, 6118, 7578, 2325, 8875, 2766, 7871, 2226, 2875,  250, 8265, 3733,  373, 2136, 9914, 7932, 7845},
				{7836, 3065, 1243, 5262, 7437, 6553, 3409, 1155, 3401, 5994, 4089, 2079, 4585,  396, 9516, 5362, 8880, 7164, 7620,  921, 6253, 6269, 5052, 4217, 4783, 4436, 8803, 2279,  952, 2543, 1871,  119, 3642, 7906, 8477, 8959, 8382, 9616,  647, 8310, 8676, 7411, 2463,  559, 9157, 6489, 7944, 3180, 6196, 5611},
				{1316, 5489, 9251, 6570, 9383, 4631, 7569, 8424, 3834, 8025,  705, 9537, 7660,  318, 3254, 6692, 9747, 2739, 4650, 1553, 7520, 1732, 1438, 3697, 2544, 2087, 2716, 4093, 9167, 3174, 5128, 7948,  488, 1415, 5957, 3628, 2167, 1721,  243, 2348, 1855, 8685, 5206, 5011, 5975, 3871, 1155, 8561, 6991, 4687},
				{9827, 5489, 6064, 3665, 4266, 4055, 2705, 4157, 3137, 9996, 4983, 1891, 5887, 3666, 8740, 1263, 4390, 5830, 8736, 4916, 5930, 8562, 2581, 9753,  141, 3276, 2580, 5117, 6917, 6654, 9285, 9576, 1599, 8818, 9979, 8591, 4716, 9194, 2310, 9171, 3257, 8858, 8338, 1095, 8813, 1427, 3853, 6428, 8892, 6252},
				{ 166, 4044, 9945, 1166, 9937, 2047, 1064, 9981, 7319, 4812, 8688, 9950, 8186, 7328, 6815, 4186, 3142, 6884, 6616, 7726, 4722, 3838, 3768,   59,  198, 6407, 8759, 3552, 4391, 5428, 1465, 7906, 6510, 1683, 7140, 2950, 5878, 6868, 4764, 2763, 9844, 5169, 9465, 6887, 9425, 8412,  922, 9804, 5715, 3956},
				{7971, 1750, 1050, 1011, 1330, 2931, 3238, 2246, 3296, 5920, 7349, 8138, 2850, 1949, 5018,   47, 2991, 3932, 4233, 8972, 1340, 8475, 8495, 2112, 6339, 3258, 8191,  688, 2483, 2827, 6295, 2273, 9872, 6583, 7649, 1892, 3595, 8807, 4069, 4217,  348, 1285, 3820, 2529, 2443, 7967, 4239, 8116, 1327, 1572},
				{5310, 7307, 4110, 6255, 7804, 5884, 3603, 1902, 2520, 2240, 7597, 6670,  710, 6178, 5667, 9668, 5308, 8118, 2278, 7802, 5129, 9683,  335, 9764, 6511,  878, 5240, 5598, 5809, 7765, 6743,  948, 7944, 1813, 8468,  845, 2800, 8057, 4235, 2197, 9455, 5663, 1181, 7718, 4965, 3080, 3969, 6466, 5710, 1372},
				{7736, 5936, 3205, 3080, 4222, 8288, 6355, 8470, 5740, 1868, 5765, 8262, 5419, 9166, 9483, 3390, 8579, 1736,   45, 8651, 2417, 3924, 6616, 7395,  839,  584, 4022, 7593, 2733, 9861, 2412, 3820, 4165, 9005, 6684, 4829, 7020, 7086, 3547,   11, 4413, 5151, 7197, 8124, 3455, 7990, 8620, 4522, 1135, 8916},
				{  72, 4247, 4552, 3774, 3704, 7679, 2190, 9929, 3790, 3801, 4475, 6800, 9097, 3369, 6433, 7605,  388, 4981, 3421, 5266, 8620, 6658, 8413, 2267, 5135, 5210,  776, 8002, 8175, 6716, 8827, 9045, 4789, 7969,  373, 3512,  355, 7334, 3144,  939, 4354,  459, 7151, 3737, 4106, 7862,  239, 9724,   64, 8709},
				{3606, 9775, 7129, 1695, 7440, 2194, 9117, 3237, 5257, 9076, 7767, 3066, 6301, 9984, 6153, 2348,  666, 2550, 3116, 3278, 9623,  852,  996, 1635, 7934, 2945, 9538, 6937, 5668, 1911, 9876, 7344, 3754,  635, 1543, 6821,  332, 6457, 7181, 3008, 9846, 7936, 2921,  454, 7703, 3048, 5350, 5820, 5213, 4875},
				{8647, 5561, 7536, 9127, 7418, 5686, 5355, 6831,  278, 3620, 6900, 8824, 6852, 6794, 8621, 2375, 7690,  746, 1379, 8949,  113, 2767,  724, 9196, 4056, 4054, 8478, 6320, 4193, 3045, 4514, 5933,  634, 2092, 4311, 4200, 4854, 8855, 4474,  277, 7594, 4541, 1539, 5957, 1028, 4216, 7059, 3514, 2052, 7441},
				{ 906, 8777, 7247, 6791,  214, 8185, 5560,  652, 1461,  286, 6895, 7916, 2667, 2909, 7510, 3115, 7615, 4172,  686, 6138, 9344, 2872, 5361, 3526, 2581, 8033, 2552, 8413, 2177, 3174, 9980, 4941, 3813,  665, 5225, 2283, 8976, 1614, 7455, 9677, 5458, 1813, 6882, 1333,  398, 3090, 5666, 4314, 9181, 9733},
				{ 245, 1492, 4975, 9179, 4511, 7460, 9053, 3152, 3668, 3902,  922, 2095, 7444, 8276, 1432, 1209, 5477, 6400, 4838,  141, 5247, 5757, 8119, 6681, 4944, 8963, 2878, 2094, 7103, 2381, 5685, 1849, 7166, 4361, 2013, 6995, 1993, 6347, 8352,  983, 5644, 2478, 8306, 8091, 1952, 3880, 3238, 6205, 2085, 7801},
				{8077, 2427, 2508,  864, 9417, 4239, 2283, 7290, 8640, 1941, 8932, 3672, 5675, 3435, 5183, 4475, 7262, 2836, 3235, 5759,   82, 8456, 8948, 1025, 9166,  348, 6070,   31, 7285,  313, 2831, 2922,  632, 4620, 3403, 6106, 8604, 9657, 9497, 4367, 8694, 1709, 9203, 5455, 6387, 7679, 1979, 4992, 9748, 7169},
				{ 192, 5252, 6871, 1273, 7424, 2364, 6449, 3718, 2791, 9579, 3191, 5906,  630, 5016, 2715, 6035, 6991, 7695, 2579, 7373, 3292, 4133, 5798, 9896, 6336,  245, 5536, 6713, 8261, 6604, 3333, 8639, 6548, 5517,  466, 6557,  180, 5986, 2447, 4559, 8121, 8705, 1152, 3306,  846, 5078, 6059, 1909, 2429, 1618},
				{ 580, 9422, 5354, 4624, 5811, 7498, 3952, 8016, 2183, 7869, 3363, 2562, 7813, 6402,  133, 1504, 7512, 7800, 2068, 8056,  204,  201,  912, 9861, 4454,  343, 5482, 9321,  907, 2469, 7832, 7081, 1089, 9552, 6246, 7989, 2850, 2793,  230, 6210, 9868, 7455, 9704, 8454, 6438,  381, 4500, 7920, 6958, 7182},
				{1876, 5201, 8813, 6328, 1791,  731,  699, 9516, 3120, 4756, 9647, 8137, 8965, 7703, 8719, 2103, 5235, 6967, 4646, 8711, 8215, 3985, 6931, 4948, 7432, 2893, 6526, 6933, 4904, 4352, 6197, 3827, 1000, 3666,  645, 9746, 2875, 9959, 4660, 3661, 5731, 3211, 6075,   98, 4424, 3247, 8850, 6791, 5847, 3307},
				{2643, 3688,  519, 1423,  992, 1055,  630, 7418, 5536, 7022, 8018, 6422, 9796, 9563, 2404, 8734, 8824, 2825, 3991, 4556, 6325, 4639, 8663, 7107, 2116, 2551, 2532, 6534, 3053,  965, 4757, 6164, 2301, 6049, 9561, 8513, 4134, 3364, 1944, 4610, 1184, 8859, 5113, 8308, 6941, 6843, 2893, 1401, 4059, 9569},
				{9560, 4896, 5970, 4164, 2784, 5424, 3821, 1130, 2717, 8049, 6869, 8580,   65, 7158, 8137, 7270, 3153, 9099, 9674, 3287, 9585, 7304, 3379, 7649, 8974, 8607, 8774, 1462, 3909, 6952, 3344, 7951, 2929, 5845, 6191, 4962, 4386, 6964, 4010, 7600,  616, 4786, 7422, 6775, 2782,  694, 9914, 2427, 1028, 6353},
				{4096, 1404, 5589, 7776, 1948, 4260, 3464, 5803, 2560, 3919, 6337, 2798, 6270, 9399, 6903,  209, 5551, 5820, 2785, 5573,  416, 7084, 1177, 6926, 1628, 4580, 5122, 1880,  740, 5059, 4950, 7815, 4220,  455, 9976, 7087, 9967, 6535, 4809, 8828, 6690, 4508, 4086, 8095, 1430, 3485, 4302, 6294, 8375, 5206},
				{1088, 1703, 3297, 6147, 2787, 1321, 9651, 3678, 8224,  782, 9148, 9091, 6938, 9249, 4945, 2269, 6286, 3576, 2752, 1295, 4837, 9942,  751, 5281, 1542, 9920, 8558,  836, 7544, 6153, 1435, 2436, 5478, 5117, 8564, 1529, 1291, 2934, 8950, 7786, 9516, 3087, 3076, 7055, 6613, 7122, 7764, 9504, 7483, 2336},
				{3396, 9920, 2177, 7293,  890, 3168, 5222, 6756, 9000, 2065, 2860, 6063, 9614, 1866, 1428, 3947, 1178, 3378, 3956, 4859,  874, 5850, 4922, 8284, 2306, 6314, 4890, 8960, 2553, 7814, 9587, 9370, 7614, 5565, 6336, 4388, 7560, 5134, 5771, 4768, 4619, 7624, 3388, 7546, 4822, 2876,  207, 1110, 5961, 7377},
				{5347, 5339, 1491, 4804, 4350, 2251,   90, 6057, 2078, 6910, 4596, 3634,  266, 8490, 2434, 3835, 9751, 5473, 4893, 1088, 5911,  567, 9496,  156, 6908, 6303, 3877, 2879, 5019,  849, 3267, 6778, 6667, 9849, 9429, 1546, 2972, 5599, 8766, 6879, 9748, 9183, 9609, 5096, 5156, 5605, 5957, 1565, 3658, 7943},
				{4349, 7881, 1456, 1358, 7493, 1298, 7185, 8849, 2352, 6118, 9308, 5344, 2879, 6035, 6065, 6411,  788,  834, 2008, 5597, 6340, 3841, 2417, 9304, 5627, 3293, 8198, 9518, 4602, 5417,  988, 2425, 8107,  941, 9208,  504, 7077, 9213, 9807, 9766, 3739, 1844,  934, 5912, 5470, 5278, 8888, 4195, 6467, 5231}
			};

        int result = Matrix.countAssimilated(matrix);

        assertEquals(0, result);
    }


	@Test
    public void testCountAssimilated19() {
		int[][] matrix = // 22 ist der einzige Wert, der alle Kriterien erfuellt
			{
				{6947, 7545, 1971, 7106, 5394, 1621, 3882, 6876, 7877, 7984, 6210, 8503, 3154, 6345, 6015, 5617, 1738, 5322,  239, 6055, 3899,  449, 6474, 4949, 3028, 2200, 1176, 8172, 2616,  867, 5916, 5727, 5644, 7590, 4462, 1898, 9435, 2800, 8887,  592, 8698, 7736, 6709, 3280, 4229, 5667, 6910, 1682, 4071, 2207},
				{7378, 7427, 3977, 8304, 6841,  395, 3922, 9220, 8811, 5447,  556, 1844, 2910, 8392,   39, 5785, 6746, 3944, 8327, 9353, 4889, 1956, 9673, 1821, 2714, 6890, 7139, 6128, 3524, 7776, 4712, 6310, 7880, 9870, 1963, 3878, 1935, 8250, 9611, 2070, 5314, 7710, 8445,  993, 9481, 7032, 7400, 2568, 7467, 8702},
				{2057,  690, 5412, 6843, 7158,  401, 9828, 5643, 6992,  243, 2036, 9279,   97, 5969, 4564, 1277, 2101, 4600, 7584, 7383, 8598, 1009, 1169,  246, 5023, 2783, 2463, 4995, 6466, 6949, 6484, 3969, 4724, 2129, 7804, 6843, 9446, 7657, 3593, 7030, 4463,  545, 9955, 6946, 4837,  917, 9036, 1234, 6219, 3881},
				{2369, 7782, 2532, 2027, 6220, 5217, 7862, 5346, 5862, 1564, 4265,  213, 4443, 9830, 9326, 8090, 3718,  790, 7917, 4009, 5339, 1167, 5414, 8701, 4563, 5742, 5849, 2631, 1618, 8371, 7266, 4318, 1892,  218, 5052, 3415, 9974,  965, 6006, 7420, 5154, 9384, 5714, 7500,  418, 9728, 5498, 3392, 6149, 2416},
				{2526, 8789, 6863, 6170, 1064, 2971, 6906, 3543,  993, 9833, 3803,  675, 7788, 8138, 9584, 1992, 8687, 3704, 5157, 3445, 9363, 7123, 1941, 1722, 8641, 3566, 1917, 7315, 6892, 7431, 3101, 5247, 6541, 6257, 5736, 6587, 6649, 8400, 2443, 4240, 2288, 9904, 5034, 6150, 4366, 9682, 3142, 8131, 5460, 1155},
				{4827, 6229, 8561, 5435, 7829, 4103, 6873, 9007, 4722, 2787, 8120,  356, 3219, 6308, 7504, 6657, 4028, 9415, 2397, 8991, 8187, 2478, 7162, 3680, 2821, 6576, 1453, 4184, 3868, 5969, 8253, 1901, 4508, 8873, 8852, 9751, 8517, 7667, 9823,  787, 8723, 4868,  130, 5514, 9801, 8038, 9064, 3321,  365, 2225},
				{9464, 2621, 5564, 1973, 7108, 5212, 4350, 5125,  347, 8595, 6356, 3283, 6814, 9512, 9646, 5733, 5296, 8379, 9001,  545, 7302, 4046, 8198, 5931, 5278, 4845, 5029, 9943, 1067, 6572, 6352,  764, 5358, 3341, 2468, 8168, 6129, 3034,  746, 8842, 1102, 4228, 5413, 8064, 4540, 1593, 5491, 7741, 2121, 4284},
				{3462,   22, 8131, 3748, 3485, 1002,   16, 4322, 5275,   92, 1325, 1920, 9033, 8542, 6211, 2899, 9271, 4348,  246, 7453, 6349, 3346, 5096, 7682, 1568, 9130, 7995, 4020, 8545, 4502, 7827, 3421, 6383, 5414, 2217, 5720, 6156, 8023, 1612, 7613, 8509, 2025, 7393, 9639, 6763, 8714,  300, 5876,  375, 7748},
				{4087, 5576, 8747, 6864, 4191,   62, 3947, 6486, 5582, 9501, 7722, 8531, 5410, 9490,  120, 6325, 3597, 1184, 5721, 1173, 3558, 7216, 6321,  545, 3820, 5815, 4780, 2549, 6651, 3219, 5146, 2645,  295, 4257, 1255, 6362, 7717, 2590,  665, 9831, 8697, 9319, 2610, 9815, 4682, 7056, 8166, 4326, 9778, 3502},
				{9686, 5320,  418, 7346, 8970, 6457, 6562, 3010,  654, 5473, 3013, 2101, 5315, 1555, 5211, 2522, 9670, 7716, 3472, 8757, 8462, 7747, 9457, 9272,  511, 7929, 6063, 5547, 8635, 7309, 6509, 6407, 9752, 2724, 5012, 7924, 7885, 3012, 3813, 6045, 8374, 7124,  798,  525, 9063, 9074, 4534, 2872, 9708, 7040},
				{7362, 1912, 2575, 4091, 3738, 5267,  435, 2698, 7414, 7029, 4270,  912, 2497, 1871, 5011, 1805,  448, 6812, 7421,  359, 6716, 9164, 3255,  737, 6682, 8255, 3336, 4517, 4444,  303, 6013, 4179, 8817, 2106, 4079, 5078, 5943, 7579, 1555, 4191, 6801, 8644, 9008, 9777, 8739, 3099, 3979, 7096, 5434, 3022},
				{2302, 1702,  121,  195, 1959,  188, 9166, 9792, 1084, 6385,  818, 7363, 1725, 4642, 5920, 6608, 1938, 4502, 9341, 6662, 2131, 4909, 2085, 5980,  262, 2372, 4967, 7981, 4579, 5032, 5382, 6396, 7972, 4757, 2416, 1510, 5912, 2729, 9340,   19, 8487, 3865, 1196, 1528, 2447, 5584, 6178, 8733, 4412, 5056},
				{3535, 2070, 8295, 5878, 9014, 1104, 6821, 4703, 7056, 7673, 2016, 9168, 7608, 7340, 6628, 3031,  694, 2569, 2671, 3020, 9193, 7309, 1691, 4627, 9437, 8610, 9960, 4704,  669, 9397, 7874, 1447, 1970, 7536, 9794, 7664, 8969, 9780, 2321, 7572, 1682, 1173,  950, 1926, 7861, 3954, 1568, 8880, 6863, 3727},
				{6096, 3801, 2234, 5777,  846, 9648,  298, 5781, 7372, 9544, 2996, 9821, 6743, 7840, 4809, 7400, 1001, 7038, 5216, 1453, 6364, 2743, 4514, 8660, 7449,  477,  943, 9217, 2767,  854, 5582, 9870, 4463, 4085,   17, 1219, 3507, 8935, 5879, 3333, 4143, 9820, 7850, 1416,   15,  623, 8201, 5410, 1584, 4100},
				{5041, 6654, 2028, 8062, 1188, 3418, 9709, 1866,  779, 4637, 1570, 1867, 2071, 9896, 8335, 2354, 7219, 8088, 6414, 7914, 9286, 8757, 5380, 2734,  869, 8587, 1615, 1976, 8917, 2306, 8795, 4118, 6046, 7180, 2772, 7003, 5467, 6298, 6789, 4031, 9165, 4891, 8511, 7204, 9984, 5907,  837, 2694, 6261, 4740},
				{4756, 8238, 2750, 9563, 1696, 6868, 7144, 3433, 1802,  526, 2674, 1996, 7662, 9817,  909, 9098, 2216, 2594, 2892, 2410, 8822, 1602, 8554, 8926, 5657, 6996, 7386, 2017, 4165, 4852, 3305, 6889, 1560, 5750, 3073, 7593, 7111, 5392, 9143, 5942, 5236, 6453, 6884, 5700, 8204, 2031, 3600, 8524, 7789, 2120},
				{4314, 6572, 6996, 1110, 4340, 7467, 3956, 9344, 2683, 9095, 6611, 2897, 6389, 8525,  110, 3799, 8835, 2900, 3869, 6920, 7062, 7975, 2801, 6387, 3438, 4685, 1498, 2574, 6893, 2119, 1830,  785, 8569, 4773, 2435, 3806, 2129, 8869, 9589, 5212, 9719, 9257, 8530, 2271, 4108, 2788, 6491, 6293, 8457, 8177},
				{4358, 3919, 8457, 1791, 5494, 3690,  516, 2733, 8172, 6537, 2966, 5758, 4679, 5217, 2335, 6153, 8374, 7905, 9091, 9489, 1662,  443, 2689, 1691, 3416, 9907, 7377, 7601, 3266, 1636, 6487,  162, 1829, 1465, 4900, 6019, 2070, 2191, 4427, 1782,  342, 6548,   17, 6982, 8052, 8635, 9117,  988, 2995, 2880},
				{4768,  641, 9990, 8482, 3886, 6353, 7911, 4754, 5274, 3976, 5175, 4647,  624,  540, 5391, 2619, 8859, 7110, 1589, 3413, 2231,   14, 2331, 2131, 3728, 3858, 2162, 4100, 5434, 9202,  268, 4144, 5146, 9132, 8542, 6693, 6785, 5471, 3284, 2991, 5833, 3662, 1374,  178, 3448, 5699, 7448, 8727, 3010, 9997},
				{9592, 2785, 5339,  407, 6592, 4667, 9209, 3974, 4884, 8480, 7880, 5823, 2277, 1670, 6999, 1667, 5468, 4199, 3727, 1033, 4898, 7310, 1876, 9462, 4284, 2011, 2180, 5163, 9188, 2707, 9773, 1530, 2818, 7463, 2139, 4438, 1241, 7198, 6975, 6199, 7502, 1794, 9275, 5079, 7668, 6148, 7385, 1900,  547, 2509},
				{7996, 3730, 8679, 8307,  846, 1124,  388, 5332, 4776, 5927, 4742, 2657,  576, 1364, 4983, 1370, 7820, 6255, 8202, 5634, 7638, 7976, 5205, 6335, 4760, 2382, 8043,   48, 2470, 2299, 5687, 4011, 9674, 1536, 9093, 9810,  491, 6861, 7642,  721, 2423, 8429, 4340, 7639, 8991, 5484, 9083, 4559, 9698, 9286},
				{1079, 8186, 2273, 5518, 9563, 1162, 4258, 7783, 6848,  797, 1505, 8643, 9084, 5828, 1312, 5141, 7905, 9967, 9630, 6661, 6722, 1848, 2838, 9232, 6128, 1896, 5358,   24, 3587, 2490, 7040, 9679, 9171, 5386, 7974, 3052, 5767, 8264, 1246, 8008, 9716, 5215, 7421, 4760, 7015, 1805, 4528, 8567, 1615,  863},
				{6525, 2990, 6993, 4667, 7256, 4403,  638, 1241,  818, 5020, 1506,  574, 6267, 1230, 9459, 2934, 4616, 4966, 6426, 4909, 6944, 7379, 3790, 3243, 8944, 1775, 1179, 1482, 3038, 5688, 6962, 5653, 3147, 7071, 5370, 2910, 2818,  555, 3924, 8828, 9997, 7371, 6060, 4992, 8886, 2679, 2715, 4994, 4795, 6193},
				{ 138, 4957, 7291, 1918, 9441, 3043, 2013, 9355, 9901, 7198, 7311,  989, 8767, 8821, 7180, 5241, 7329, 7095,  279,  221, 3332, 8503, 6884, 5769, 1110, 2419, 3990, 4605, 5951, 5859, 8755, 9953, 5674, 5547, 3331, 7611, 6240, 4461, 2727, 8768, 5007, 4670,  231, 6234, 3130, 3955, 1684, 9826, 9739, 6040},
				{  76, 5835, 5604, 9420, 5579, 1995, 1698,  493, 9710, 5046, 8050, 6651, 5188, 7384,  926, 6268, 9101, 6575, 5120, 2908, 9732, 4291, 5271, 6158, 7225, 6899, 8375,  995, 6135, 3054,  427, 3797, 4532, 4282, 8422, 7297, 9767, 6884, 4903, 1904, 7475, 3892, 7962, 7568, 9730, 9132, 8426, 3699, 2925, 4558},
				{8421, 9844, 5159, 5607, 3641,  753, 9978, 8988, 1354, 2761,  537, 8991, 9701, 4500, 6532, 1118, 9006, 1401, 9770, 1848, 4438,  864, 6169, 3181, 5385, 3397,  273,  577, 7379, 1269, 7846, 5388, 3298, 4505, 2436, 9249, 5623, 6316, 9325, 2905,  678, 7434, 6446, 6651, 5645, 7207, 4463, 6171, 5090, 1944},
				{8329, 9532, 6389, 2386,  851, 3459, 6596, 8222, 1733, 9962, 1452, 8950, 1133, 2429, 2205, 4111, 7247, 6692, 6055, 1362, 3367, 8654, 4241, 2072, 6474, 8534, 6088, 8674, 6202, 2469, 8468, 8627, 1257,   20, 6118, 7578, 2325, 8875, 2766, 7871, 2226, 2875,  250, 8265, 3733,  373, 2136, 9914, 7932, 7845},
				{7836, 3065, 1243, 5262, 7437, 6553, 3409, 1155, 3401, 5994, 4089, 2079, 4585,  396, 9516, 5362, 8880, 7164, 7620,  921, 6253, 6269, 5052, 4217, 4783, 4436, 8803, 2279,  952, 2543, 1871,  119, 3642, 7906, 8477, 8959, 8382, 9616,  647, 8310, 8676, 7411, 2463,  559, 9157, 6489, 7944, 3180, 6196, 5611},
				{1316, 5489, 9251, 6570, 9383, 4631, 7569, 8424, 3834, 8025,  705, 9537, 7660,  318, 3254, 6692, 9747, 2739, 4650, 1553, 7520, 1732, 1438, 3697, 2544, 2087, 2716, 4093, 9167, 3174, 5128, 7948,  488, 1415, 5957, 3628, 2167, 1721,  243, 2348, 1855, 8685, 5206, 5011, 5975, 3871, 1155, 8561, 6991, 4687},
				{9827, 5489, 6064, 3665, 4266, 4055, 2705, 4157, 3137, 9996, 4983, 1891, 5887, 3666, 8740, 1263, 4390, 5830, 8736, 4916, 5930, 8562, 2581, 9753,  141, 3276, 2580, 5117, 6917, 6654, 9285, 9576, 1599, 8818, 9979, 8591, 4716, 9194, 2310, 9171, 3257, 8858, 8338, 1095, 8813, 1427, 3853, 6428, 8892, 6252},
				{ 166, 4044, 9945, 1166, 9937, 2047, 1064, 9981, 7319, 4812, 8688, 9950, 8186, 7328, 6815, 4186, 3142, 6884, 6616, 7726, 4722, 3838, 3768,   59,  198, 6407, 8759, 3552, 4391, 5428, 1465, 7906, 6510, 1683, 7140, 2950, 5878, 6868, 4764, 2763, 9844, 5169, 9465, 6887, 9425, 8412,  922, 9804, 5715, 3956},
				{7971, 1750, 1050, 1011, 1330, 2931, 3238, 2246, 3296, 5920, 7349, 8138, 2850, 1949, 5018,   47, 2991, 3932, 4233, 8972, 1340, 8475, 8495, 2112, 6339, 3258, 8191,  688, 2483, 2827, 6295, 2273, 9872, 6583, 7649, 1892, 3595, 8807, 4069, 4217,  348, 1285, 3820, 2529, 2443, 7967, 4239, 8116, 1327, 1572},
				{5310, 7307, 4110, 6255, 7804, 5884, 3603, 1902, 2520, 2240, 7597, 6670,  710, 6178, 5667, 9668, 5308, 8118, 2278, 7802, 5129, 9683,  335, 9764, 6511,  878, 5240, 5598, 5809, 7765, 6743,  948, 7944, 1813, 8468,  845, 2800, 8057, 4235, 2197, 9455, 5663, 1181, 7718, 4965, 3080, 3969, 6466, 5710, 1372},
				{7736, 5936, 3205, 3080, 4222, 8288, 6355, 8470, 5740, 1868, 5765, 8262, 5419, 9166, 9483, 3390, 8579, 1736,   45, 8651, 2417, 3924, 6616, 7395,  839,  584, 4022, 7593, 2733, 9861, 2412, 3820, 4165, 9005, 6684, 4829, 7020, 7086, 3547,   11, 4413, 5151, 7197, 8124, 3455, 7990, 8620, 4522, 1135, 8916},
				{  72, 4247, 4552, 3774, 3704, 7679, 2190, 9929, 3790, 3801, 4475, 6800, 9097, 3369, 6433, 7605,  388, 4981, 3421, 5266, 8620, 6658, 8413, 2267, 5135, 5210,  776, 8002, 8175, 6716, 8827, 9045, 4789, 7969,  373, 3512,  355, 7334, 3144,  939, 4354,  459, 7151, 3737, 4106, 7862,  239, 9724,   64, 8709},
				{3606, 9775, 7129, 1695, 7440, 2194, 9117, 3237, 5257, 9076, 7767, 3066, 6301, 9984, 6153, 2348,  666, 2550, 3116, 3278, 9623,  852,  996, 1635, 7934, 2945, 9538, 6937, 5668, 1911, 9876, 7344, 3754,  635, 1543, 6821,  332, 6457, 7181, 3008, 9846, 7936, 2921,  454, 7703, 3048, 5350, 5820, 5213, 4875},
				{8647, 5561, 7536, 9127, 7418, 5686, 5355, 6831,  278, 3620, 6900, 8824, 6852, 6794, 8621, 2375, 7690,  746, 1379, 8949,  113, 2767,  724, 9196, 4056, 4054, 8478, 6320, 4193, 3045, 4514, 5933,  634, 2092, 4311, 4200, 4854, 8855, 4474,  277, 7594, 4541, 1539, 5957, 1028, 4216, 7059, 3514, 2052, 7441},
				{ 906, 8777, 7247, 6791,  214, 8185, 5560,  652, 1461,  286, 6895, 7916, 2667, 2909, 7510, 3115, 7615, 4172,  686, 6138, 9344, 2872, 5361, 3526, 2581, 8033, 2552, 8413, 2177, 3174, 9980, 4941, 3813,  665, 5225, 2283, 8976, 1614, 7455, 9677, 5458, 1813, 6882, 1333,  398, 3090, 5666, 4314, 9181, 9733},
				{ 245, 1492, 4975, 9179, 4511, 7460, 9053, 3152, 3668, 3902,  922, 2095, 7444, 8276, 1432, 1209, 5477, 6400, 4838,  141, 5247, 5757, 8119, 6681, 4944, 8963, 2878, 2094, 7103, 2381, 5685, 1849, 7166, 4361, 2013, 6995, 1993, 6347, 8352,  983, 5644, 2478, 8306, 8091, 1952, 3880, 3238, 6205, 2085, 7801},
				{8077, 2427, 2508,  864, 9417, 4239, 2283, 7290, 8640, 1941, 8932, 3672, 5675, 3435, 5183, 4475, 7262, 2836, 3235, 5759,   82, 8456, 8948, 1025, 9166,  348, 6070,   31, 7285,  313, 2831, 2922,  632, 4620, 3403, 6106, 8604, 9657, 9497, 4367, 8694, 1709, 9203, 5455, 6387, 7679, 1979, 4992, 9748, 7169},
				{ 192, 5252, 6871, 1273, 7424, 2364, 6449, 3718, 2791, 9579, 3191, 5906,  630, 5016, 2715, 6035, 6991, 7695, 2579, 7373, 3292, 4133, 5798, 9896, 6336,  245, 5536, 6713, 8261, 6604, 3333, 8639, 6548, 5517,  466, 6557,  180, 5986, 2447, 4559, 8121, 8705, 1152, 3306,  846, 5078, 6059, 1909, 2429, 1618},
				{ 580, 9422, 5354, 4624, 5811, 7498, 3952, 8016, 2183, 7869, 3363, 2562, 7813, 6402,  133, 1504, 7512, 7800, 2068, 8056,  204,  201,  912, 9861, 4454,  343, 5482, 9321,  907, 2469, 7832, 7081, 1089, 9552, 6246, 7989, 2850, 2793,  230, 6210, 9868, 7455, 9704, 8454, 6438,  381, 4500, 7920, 6958, 7182},
				{1876, 5201, 8813, 6328, 1791,  731,  699, 9516, 3120, 4756, 9647, 8137, 8965, 7703, 8719, 2103, 5235, 6967, 4646, 8711, 8215, 3985, 6931, 4948, 7432, 2893, 6526, 6933, 4904, 4352, 6197, 3827, 1000, 3666,  645, 9746, 2875, 9959, 4660, 3661, 5731, 3211, 6075,   98, 4424, 3247, 8850, 6791, 5847, 3307},
				{2643, 3688,  519, 1423,  992, 1055,  630, 7418, 5536, 7022, 8018, 6422, 9796, 9563, 2404, 8734, 8824, 2825, 3991, 4556, 6325, 4639, 8663, 7107, 2116, 2551, 2532, 6534, 3053,  965, 4757, 6164, 2301, 6049, 9561, 8513, 4134, 3364, 1944, 4610, 1184, 8859, 5113, 8308, 6941, 6843, 2893, 1401, 4059, 9569},
				{9560, 4896, 5970, 4164, 2784, 5424, 3821, 1130, 2717, 8049, 6869, 8580,   65, 7158, 8137, 7270, 3153, 9099, 9674, 3287, 9585, 7304, 3379, 7649, 8974, 8607, 8774, 1462, 3909, 6952, 3344, 7951, 2929, 5845, 6191, 4962, 4386, 6964, 4010, 7600,  616, 4786, 7422, 6775, 2782,  694, 9914, 2427, 1028, 6353},
				{4096, 1404, 5589, 7776, 1948, 4260, 3464, 5803, 2560, 3919, 6337, 2798, 6270, 9399, 6903,  209, 5551, 5820, 2785, 5573,  416, 7084, 1177, 6926, 1628, 4580, 5122, 1880,  740, 5059, 4950, 7815, 4220,  455, 9976, 7087, 9967, 6535, 4809, 8828, 6690, 4508, 4086, 8095, 1430, 3485, 4302, 6294, 8375, 5206},
				{1088, 1703, 3297, 6147, 2787, 1321, 9651, 3678, 8224,  782, 9148, 9091, 6938, 9249, 4945, 2269, 6286, 3576, 2752, 1295, 4837, 9942,  751, 5281, 1542, 9920, 8558,  836, 7544, 6153, 1435, 2436, 5478, 5117, 8564, 1529, 1291, 2934, 8950, 7786, 9516, 3087, 3076, 7055, 6613, 7122, 7764, 9504, 7483, 2336},
				{3396, 9920, 2177, 7293,  890, 3168, 5222, 6756, 9000, 2065, 2860, 6063, 9614, 1866, 1428, 3947, 1178, 3378, 3956, 4859,  874, 5850, 4922, 8284, 2306, 6314, 4890, 8960, 2553, 7814, 9587, 9370, 7614, 5565, 6336, 4388, 7560, 5134, 5771, 4768, 4619, 7624, 3388, 7546, 4822, 2876,  207, 1110, 5961, 7377},
				{5347, 5339, 1491, 4804, 4350, 2251,   90, 6057, 2078, 6910, 4596, 3634,  266, 8490, 2434, 3835, 9751, 5473, 4893, 1088, 5911,  567, 9496,  156, 6908, 6303, 3877, 2879, 5019,  849, 3267, 6778, 6667, 9849, 9429, 1546, 2972, 5599, 8766, 6879, 9748, 9183, 9609, 5096, 5156, 5605, 5957, 1565, 3658, 7943},
				{4349, 7881, 1456, 1358, 7493, 1298, 7185, 8849, 2352, 6118, 9308, 5344, 2879, 6035, 6065, 6411,  788,  834, 2008, 5597, 6340, 3841, 2417, 9304, 5627, 3293, 8198, 9518, 4602, 5417,  988, 2425, 8107,  941, 9208,  504, 7077, 9213, 9807, 9766, 3739, 1844,  934, 5912, 5470, 5278, 8888, 4195, 6467, 5231}
			};

        int result = Matrix.countAssimilated(matrix);

        assertEquals(1, result);
    }


	@Test
    public void testCountAssimilated20() {
		int[][] matrix =
			{
				{ -10,   -3,   -6,   -2,   -5,   -5,    5,   -7,  -10,    6,   -5,   -6,    7,   -3,    1,    3,    2,   -9,    5,    9,   -1,    2,   -9,   -7,    2,    1,  -10,    1,   -4,    7,    1,  -10,    8,    7,   -8,    1,   -7,    4,    1,   -4,   -2,    2,    4,  -10,   -3,    3,   -7,   -2,   -9,    4,    8,    3,   -6,   -2,   -4,   -1,   -4,   -9,    8,   -7,    3,    7,    7,    4,    5,   -6,   -7,   -9,    3,   -9,    6,   -5,   -2,   -2,   -5,   -8,   -7,    7,   -5,   -1,   -2,   -9,    3,   -9,   -6,    9,    6,    5,    3,    6,    4,   -9,   -3,    9,  -10,    8,   -4,   -1,   -6,   -2},
				{ -10,    8,    8,   -6,   -3,   -5,    6,   -3,    8,    4,   -7,    1,   -5,    6,  -10,   -2,   -7,   -3,    5,   -9,  -10,   -7,    4,    8,  -10,    2,   -4,    9,   -7,   -7,    8,    2,    1,   -5,    2,    3,    5,   -6,   -8,   -4,   -8,   -4,    4,   -2,   -8,    1,    1,   -4,   -7,    1,   -6,    8,    5,   -6,   -2,    5,    4,   -7,   -9,   -2,   -6,   -1,    8,    7,   -7,   -8,   -2,    8,    1,   -8,    2,    8,    1,   -9,   -5,   -6,   -2,    5,    1,    1,   -3,   -4,    9,   -3,   -1,    4,   -3,   -3,    4,   -3,   -1,   -3,  -10,   -6,    2,    2,   -1,   -9,   -2,    5},
				{  -4,    5,   -8,    2,   -5,    8,   -1,    6,   -6,   -1,   -2,    5,   -9,    3,    7,   -8,   -4,    3,    9,   -7,   -3,   -1,    7,   -9,   -8,   -9,    1,   -9,   -9,   -6,    1,   -4,   -2,   -4,    8,    3,   -4,   -2,   -6,   -4,    2,    2,    8,    2,    9,   -3,    2,    3,    7,    1,    4,    6,    1,   -4,  -10,    7,    3,    1,    5,    2,   -3,    5,    5,   -3,    9,    3,   -3,   -2,   -6,    3,   -8,    3,   -6,   -7,   -6,  -10,   -3,    2,    8,    4,   -4,   -3,    6,    6,  -10,   -6,  -10,    9,   -9,    8,    4,    8,    9,   -8,    6,    6,   -7,    1,    7,    1},
				{   1,   -3,   -8,    3,    4,    4,    3,    7,    7,   -4,   -2,   -8,   -5,    2,   -1,    8,   -3,   -4,   -8,   -2,    1,  -10,   -3,   -4,   -5,   -7,   -9,   -4,  -10,   -5,   -7,    8,   -6,   -9,    3,   -2,   -4,   -4,   -5,   -3,   -6,    5,    3,   -5,    9,   -1,    8,   -8,   -9,   -6,    2,   -5,    7,   -3,   -6,   -9,   -8,   -7,   -6,    9,    8,    7,    4,    5,   -9,    8,    5,    2,  -10,  -10,    9,   -3,   -2,    9,    9,   -4,   -3,   -7,    8,    4,   -7,    9,    6,   -5,    7,    8,    8,    9,    6,    2,    5,   -6,   -8,   -7,    1,   -8,    5,    8,   -1,    3},
				{  -3,   -9,    6,   -9,   -2,    8,    4,   -7,    3,   -8,   -5,    7,    2,    6,   -4,    3,    7,   -3,   -4,   -7,   -5,   -1,   -1,   -7,   -3,   -7,    3,   -6,   -4,   -6,    8,    1,   -3,   -4,    7,   -3,    4,  -10,   -7,   -5,   -7,   -8,   -9,   -2,   -7,   -3,   -2,    7,    4,   -4,   -7,    3,   -6,    3,    2,    9,   -8,    9,    7,   -7,    3,    3,   -5,  -10,    9,    3,   -2,   -8,   -8,   -9,    4,   -5,    1,    8,    9,   -2,    1,    2,    7,   -7,    6,    4,   -1,   -4,    9,  -10,    2,   -8,  -10,   -4,    7,   -6,    8,    9,   -1,    3,    3,   -4,  -10,  -10},
				{   6,    3,   -4,   -4,    7,  -10,    7,  -10,  -10,  -10,   -5,   -7,    4,    7,   -7,    6,    6,   -9,   -5,   -7,   -8,   -3,    1,   -8,    8,   -2,    9,    4,   -7,    8,   -1,   -7,   -1,   -6,    4,   -5,   -2,   -8,    4,   -1,    9,   -1,    6,   -3,    3,    8,   -3,    4,    2,    3,    7,   -6,    7,   -2,   -6,   -5,   -4,    1,   -9,    9,   -5,   -8,   -6,  -10,    7,    9,   -7,   -9,   -3,   -6,    5,    8,    1,   -4,  -10,    6,   -6,  -10,   -7,    3,    2,    6,    8,   -3,  -10,    9,   -4,    5,    2,    4,   -1,    8,    1,   -3,    5,    2,    6,    8,    4,    6},
				{   2,   -5,    8,    4,  -10,   -3,   -9,  -10,   -8,    6,   -9,    3,   -3,   -4,   -1,   -1,   -1,    9,   -9,    9,   -3,   -2,   -1,   -4,   -6,   -9,   -9,   -6,   -6,   -6,   -6,    9,    5,   -2,   -4,   -1,    1,   -2,   -2,   -5,   -7,   -3,    6,    3,   -1,    6,    1,   -4,    9,    6,   -8,   -6,   -8,   -9,   -2,    1,    3,   -2,    6,    3,   -4,   -9,   -9,   -1,   -6,   -9,    4,   -3,    8,   -7,   -3,    6,   -3,    9,   -2,    8,    3,    3,   -6,    2,    7,   -5,    6,   -8,    6,   -8,    5,    7,   -9,    8,   -3,    3,    1,   -7,   -6,    6,   -2,   -9,   -2,    5},
				{   1,   -4,    7,    6,    2,  -10,   -9,    3,  -10,  -10,   -4,    2,  -10,    3,    6,   -4,   -1,   -8,    8,   -2,    8,    3,    1,    6,    3,    7,    6,   -2,    1,    1,   -3,   -2,    7,  -10,    4,   -6,   -3,   -5,   -2,  -10,    8,    8,    7,    4,    9,    1,   -8,   -4,   -7,    4,   -7,    6,    3,  -10,   -4,   -2,   -3,   -2,    2,    4,   -9,   -8,   -1,   -1,   -6,    9,    7,    4,    8,    7,   -4,    2,    6,   -9,   -5,    2,   -8,    3,    8,    3,   -3,   -3,   -5,    6,   -5,   -7,   -3,   -8,  -10,   -7,  -10,    6,    5,    1,    8,    7,    4,    4,   -2,   -9},
				{  -9,   -4,  -10,   -6,   -3,   -8,    8,    7,   -8,   -3,    5,   -8,    3,    2,    9,   -7,   -9,   -9,    3,    8,   -3,    4,    5,   -1,    2,  -10,   -6,    7,    3,   -4,    7,   -1,    4,   -3,    6,    9,   -9,   -3,    5,  -10,    9,    2,   -4,    6,    6,  -10,  -10,    8,    8,   -5,   -4,    1,    3,    9,  -10,    6,  -10,    6,   -1,   -5,    3,    1,   -6,   -3,   -6,    2,    6,    7,    1,   -6,    6,    6,   -3,    5,   -4,   -4,   -2,   -5,    7,    5,   -3,  -10,   -4,   -7,   -3,   -4,   -7,    5,   -5,   -2,   -1,    9,    2,  -10,    6,    8,    9,    3,   -7,  -10},
				{  -5,   -1,    2,   -3,   -2,   -1,   -1,   -3,   -9,    3,   -6,   -3,    4,    4,   -1,   -6,    2,   -3,    2,   -1,    5,    1,   -4,   -1,   -6,  -10,    2,   -5,   -4,    6,  -10,    5,   -3,    7,    8,    5,    6,   -7,   -6,    9,   -9,    4,   -4,   -7,    8,  -10,    3,   -3,   -8,    7,   -6,   -1,    8,   -7,    5,    6,    6,   -2,    9,   -5,   -6,    9,   -1,   -1,   -7,    3,    4,  -10,    5,   -6,   -3,    8,   -1,   -1,    9,   -2,   -2,    4,   -5,    6,   -5,   -1,   -3,    1,   -5,    2,    6,   -3,   -6,   -5,    4,    9,    6,   -4,  -10,   -9,   -4,   -3,    8,   -9},
				{   4,    9,    7,   -1,    6,    9,   -4,    5,    2,    6,    2,    3,   -7,   -2,   -3,    1,    7,   -6,  -10,   -9,    1,  -10,    9,   -2,   -7,    9,   -5,  -10,   -7,  -10,    8,   -5,    6,   -1,    6,   -3,   -3,   -6,   -3,   -4,   -3,    1,   -8,  -10,    2,    2,    9,   -5,   -7,    6,   -3,    2,   -6,   -1,   -1,    6,    7,    7,    3,   -2,    2,   -3,   -5,   -2,    2,   -4,   -2,   -5,    3,   -5,    5,    9,   -4,    1,   -8,   -9,   -9,    1,    1,   -4,   -6,   -1,  -10,  -10,   -1,   -2,    6,    3,  -10,    3,    6,   -9,    8,   -7,   -8,    5,    2,  -10,   -2,   -7},
				{   6,   -1,    3,    5,   -3,   -8,    2,   -1,    4,   -9,    9,   -1,    9,   -2,    7,    4,   -6,    4,   -4,    8,   -9,    5,    7,   -5,   -7,   -6,   -4,   -9,    7,   -4,    8,  -10,  -10,    1,    7,    3,    7,   -1,    8,    1,    4,    6,   -9,   -8,   -7,    2,   -3,    2,  -10,   -8,    3,    6,   -6,    1,    7,    8,    1,   -6,   -1,   -7,    7,   -1,    2,   -4,   -8,    7,    6,    6,    5,    8,   -5,   -8,   -3,   -9,   -1,   -9,  -10,   -1,   -8,    5,    2,    9,   -3,    7,    1,   -7,   -1,    5,   -4,   -4,  -10,    2,   -1,   -5,   -4,   -8,   -4,   -1,    9,    1},
				{  -2,   -4,    3,    4,   -3,   -4,   -2,    4,   -3,  -10,    3,    7,    5,    3,  -10,  -10,    9,    5,    1,  -10,   -4,    4,   -7,    4,   -6,    9,   -8,   -8,    7,    1,    7,  -10,    7,    9,   -3,    9,    6,   -9,   -1,    1,   -2,    5,  -10,   -7,   -8,   -4,  -10,   -1,    2,  -10,    9,    7,   -5,   -3,   -5,    8,    7,   -7,    7,   -4,    7,  -10,    5,    5,   -3,    6,    8,   -4,    4,   -2,   -6,    8,    8,   -8,    3,   -8,  -10,   -9,   -5,    1,    6,    3,   -3,   -5,    4,   -2,   -2,    7,    5,    8,    3,   -2,    9,    8,    9,    3,    1,    9,   -8,   -2},
				{ -10,    9,   -8,    3,    6,    2,   -8,   -2,   -7,    3,    5,  -10,    1,   -4,   -9,   -3,   -3,    1,    3,    8,    4,   -3,   -1,   -3,   -2,   -5,   -6,    3,    9,   -6,   -1,   -8,    9,  -10,   -1,   -4,    8,    7,    9,    6,    3,    6,   -2,    5,   -6,    2,   -7,   -5,   -6,   -4,   -9,   -2,   -4,   -8,    9,   -5,   -9,   -7,    2,   -4,    2,  -10,   -3,    9,   -8,   -9,   -8,   -4,    9,    7,    2,    3,   -2,    4,   -5,    3,    2,  -10,    2,   -6,    4,   -8,    2,    8,    6,   -6,    3,   -7,   -6,   -2,    1,   -4,    2,    6,    1,   -1,  -10,   -3,   -3,   -4},
				{  -9,  -10,   -9,    6,    9,   -3,    5,   -7,    1,    9,    9,    1,    3,   -2,    5,   -5,    5,    2,   -7,   -3,   -8,   -3,   -5,  -10,    4,    3,   -5,   -1,    8,   -9,    8,    5,   -9,    3,    6,   -5,   -7,   -3,   -9,   -7,    5,   -6,   -8,    6,    1,    2,    2,    2,   -9,    6,   -1,    7,    4,   -8,   -6,    7,   -9,    5,   -2,   -9,  -10,   -4,   -1,   -8,    6,    6,    9,   -7,   -2,    7,   -3,    9,    5,   -3,    9,    2,   -2,  -10,   -3,    8,   -7,    7,    4,    8,   -9,    1,   -4,   -5,    6,    8,   -9,   -7,    9,   -8,    4,   -1,   -6,    2,   -9,    6},
				{  -8,   -9,   -1,    6,    5,    5,    3,   -4,   -8,    3,    2,    7,   -7,    8,    5,    3,  -10,   -4,   -7,   -8,   -3,   -5,   -8,   -7,    5,    3,    2,   -2,    5,    2,    7,   -3,   -8,    6,  -10,   -4,    2,    3,   -6,   -8,   -9,   -9,    7,   -9,   -9,    3,    7,   -5,   -6,    6,    8,   -5,   -3,   -9,   -5,   -5,    2,    8,   -6,    6,   -5,    2,   -3,    9,   -9,    9,    7,    5,    3,    1,    8,    5,    1,    3,   -1,   -3,    1,    1,   -5,    4,   -6,    3,    3,    8,   -8,   -2,   -4,    2,   -4,   -2,    7,    1,   -7,    5,    9,    2,   -5,   -1,    6,   -7},
				{  -1,    4,    4,    4,    1,    8,   -8,   -1,   -6,    9,   -9,    2,    7,   -4,   -9,    2,  -10,   -2,    2,    9,   -3,    1,    2,    7,    4,    9,   -6,    6,   -5,   -4,    5,   -3,    8,    9,  -10,   -3,    5,    4,    9,   -4,  -10,    1,    2,    2,    6,    9,    7,   -5,  -10,   -6,    7,    9,    6,    7,    5,   -2,   -3,   -9,    9,   -2,    4,   -4,   -6,   -1,    2,    5,    9,   -1,   -1,    2,    6,   -4,    3,    8,    9,   -2,   -4,   -8,   -1,    3,   -8,   -7,    2,   -3,   -3,   -7,    3,    1,   -7,    8,    1,    9,    9,   -5,   -9,    3,    2,    7,    6,    9},
				{  -6,   -1,   -4,   -6,    6,    9,    5,   -6,    2,    8,   -7,    2,   -3,  -10,    2,    2,    7,    9,   -1,    8,  -10,   -6,    9,    2,    5,   -9,    9,   -7,   -9,    1,   -5,    9,    5,   -7,    1,  -10,    6,    7,    8,   -5,    4,  -10,    1,    3,   -3,   -1,   -1,    9,   -6,    8,    5,   -8,    2,   -5,    6,    5,  -10,   -2,   -7,   -9,    7,   -3,    2,    2,    2,    9,   -2,    5,   -9,   -9,    4,    9,   -8,   -1,    7,    7,   -7,  -10,  -10,  -10,    4,   -2,   -5,    3,  -10,   -8,    5,   -2,    4,   -3,  -10,   -1,   -5,   -2,    5,   -2,    7,    4,    6,    3},
				{   5,   -7,    7,   -2,    8,    1,  -10,   -8,   -9,    4,   -5,   -4,   -5,   -7,    1,   -9,    6,   -7,    9,   -4,  -10,  -10,    2,   -4,   -9,   -7,   -5,    9,   -7,   -7,   -4,    2,   -8,   -5,   -3,   -6,    8,    5,    9,    4,    4,   -8,    9,   -3,   -9,    4,   -2,    8,   -5,   -6,    6,    8,    8,   -3,    8,   -1,   -4,   -1,    1,    3,  -10,    5,   -7,   -3,   -1,   -5,   -2,   -1,   -7,   -9,   -1,   -6,    9,   -8,    1,   -4,    9,  -10,   -5,   -1,    1,   -7,    3,    8,  -10,   -4,    2,   -8,    4,    9,   -3,    1,  -10,   -1,   -5,    8,  -10,   -9,    6,   -5},
				{  -6,    7,  -10,   -6,    9,    4,    9,    8,    3,   -2,    8,    4,   -6,   -7,    5,  -10,   -6,   -1,   -4,   -6,    9,    7,   -8,    8,   -3,    4,    9,    7,   -3,   -1,    6,  -10,    1,   -3,    4,    2,    5,    7,   -4,  -10,   -4,    6,    4,   -4,   -8,    2,    4,    1,    6,   -8,  -10,   -5,   -7,    3,   -8,   -4,    8,   -6,  -10,   -5,   -8,    1,    6,    4,   -7,   -5,    6,   -2,    9,    5,    4,   -9,   -8,   -8,    9,   -1,    8,    4,   -2,   -2,   -4,   -8,    7,    3,    5,    7,    7,   -4,   -8,   -3,    4,    1,   -9,   -7,   -3,   -6,    5,  -10,    7,    5},
				{  -2,    4,    9,    3,    2,   -1,    7,   -7,   -2,   -4,   -8,    8,    6,    2,   -3,    2,   -8,   -8,   -8,    7,   -2,   -8,    6,    5,   -1,    8,   -5,   -3,   -8,   -6,   -8,   -9,    1,   -8,   -9,    5,    4,    7,    4,    3,    9,   -9,    4,   -1,   -5,    8,   -5,   -1,    9,    3,   -1,  -10,    4,   -5,    6,   -4,   -4,    4,  -10,   -7,    9,    7,    2,    7,   -4,    2,   -1,    6,   -1,   -4,    9,   -7,    4,   -8,   -6,    9,   -7,   -5,    8,    7,    9,   -4,    9,   -6,  -10,    6,    6,   -3,    4,  -10,  -10,    1,    7,   -6,    2,    6,    8,    2,  -10,  -10},
				{  -3,    2,    8,   -8,    3,   -6,   -2,    9,    4,    6,   -5,  -10,   -5,    4,    5,  -10,    8,    6,    9,    2,   -1,   -8,    6,    7,   -1,    2,    7,   -4,   -9,   -9,    5,    2,  -10,  -10,    7,    9,   -3,   -6,   -2,   -6,   -7,    9,    9,    8,   -7,   -2,    5,    7,   -1,    4,    9,    6,   -2,    6,   -9,   -3,    2,    8,   -2,    4,    9,    6,   -4,    1,   -5,   -9,    2,   -5,    4,   -3,   -2,   -8,   -2,    4,    3,    8,   -4,    4,    6,   -2,    4,   -2,    9,    7,    8,    2,    8,    6,    2,    8,   -5,   -6,   -9,    4,   -7,   -5,    2,   -5,    6,  -10},
				{ -10,    8,    1,    3,    1,    5,    8,   -3,   -6,   -1,   -9,   -4,    1,   -5,   -3,   -1,   -2,    6,   -2,    6,    7,    4,    1,   -1,   -7,   -8,   -8,    6,    3,   -8,   -1,  -10,   -3,   -6,    7,    3,  -10,  -10,    2,    8,   -4,    5,   -7,   -6,    9,   -4,   -9,    7,    3,   -3,    4,    8,   -6,   -3,   -7,    7,    7,   -2,   -7,   -3,    9,    7,   -9,    4,    4,   -1,    3,    5,   -7,   -9,   -1,   -8,    5,    5,  -10,   -7,   -9,    2,   -8,   -8,    5,    3,   -3,   -9,   -1,    4,    9,   -2,   -3,    4,   -4,    8,    1,   -6,    8,   -3,    6,    6,   -4,    4},
				{   8,    8,    9,    8,   -1,    8,    5,    9,    6,   -7,   -1,   -1,   -1,   -5,    8,    7,    5,    9,    3,   -2,  -10,   -1,    1,   -3,    4,    7,   -3,    5,    9,   -4,   -7,    3,    2,   -4,    3,   -2,   -2,   -4,   -6,   -5,   -4,    7,    1,   -6,   -9,    5,    6,   -8,    8,   -2,    9,   -4,    6,  -10,   -8,   -4,   -3,   -7,    3,    8,   -5,   -7,   -3,   -6,   -5,    4,    5,   -5,    1,   -1,   -6,    8,    1,   -1,    7,    9,    7,    1,    6,    8,    4,   -4,    1,   -8,    1,    5,    1,    9,   -1,   -3,    3,    8,    8,   -2,   -6,    6,    4,   -5,    4,    9},
				{  -3,   -1,    2,   -1,   -4,    2,    9,   -3,   -1,   -4,    6,    5,   -8,   -5,  -10,    4,   -9,    9,    9,   -5,    6,   -7,   -6,   -2,    4,   -9,    6,    3,   -7,   -9,    6,    5,   -6,    1,    9,    9,    9,   -4,    1,    2,    3,    5,   -1,    3,   -5,  -10,   -1,   -2,    7,   -5,   -6,   -3,  -10,    7,   -7,   -5,    5,    1,   -6,   -5,   -2,    1,   -7,   -5,    3,   -9,  -10,   -6,   -9,    8,   -3,   -1,   -9,    1,    5,   -6,    7,   -2,    1,    1,    4,    7,    1,    5,  -10,    2,    3,    2,   -3,  -10,    2,   -9,    5,   -4,   -5,    7,    4,    4,    5,   -8},
				{   3,    6,    7,   -8,   -8,   -3,   -1,    3,   -8,    2,   -8,   -6,   -8,    6,  -10,   -7,    4,   -1,    3,   -6,    2,    1,   -8,  -10,   -4,    3,    3,   -7,    3,    9,   -1,   -2,   -9,   -6,   -9,  -10,   -2,   -8,   -6,   -4,    8,   -1,    3,  -10,    8,    6,    2,   -9,   -7,    3,    2,   -6,   -6,   -6,   -8,    7,    2,    7,    2,   -4,   -6,    2,   -3,   -8,  -10,    7,    4,   -2,   -4,    4,   -1,    6,   -2,   -5,    9,   -7,    7,    4,    1,   -2,  -10,    9,    7,    5,    4,   -1,    7,   -9,    4,   -9,    8,  -10,    4,   -3,   -5,   -9,   -5,    9,   -6,   -4},
				{  -3,   -3,    3,   -3,    3,    7,   -1,    8,    2,   -5,    5,    6,  -10,   -3,    2,   -6,   -3,   -9,    8,    3,   -8,   -7,   -4,   -9,    8,   -7,   -2,   -3,    1,  -10,    2,   -5,    8,    1,   -2,    4,   -7,    7,    2,  -10,    2,    5,    2,  -10,  -10,    3,   -8,    8,   -5,    2,    7,    7,   -8,    3,    5,    6,   -5,    3,   -8,    9,   -1,   -5,    5,   -7,    2,   -7,    1,  -10,    2,    2,   -5,    3,    2,    8,   -6,    1,    4,    8,    1,    1,   -4,   -7,    8,    9,    3,   -1,    6,   -3,    5,   -6,   -1,   -1,   -2,   -5,   -2,    1,   -8,    2,    4,   -9},
				{  -8,   -2,   -1,   -1,    3,   -9,    4,   -2,    6,    6,   -4,    6,   -8,   -9,   -4,   -2,    4,    8,   -4,   -1,   -2,    6,   -4,    1,   -9,    7,    7,    5,   -3,   -1,   -3,   -9,   -2,    3,   -3,    6,   -6,   -5,   -4,    5,   -8,    8,    4,  -10,   -1,    5,    2,   -9,   -7,   -7,   -4,   -3,  -10,    3,    3,   -1,    2,   -7,   -9,   -1,    2,   -5,   -2,   -6,   -4,    8,    4,    6,   -7,    2,    4,    1,   -7,   -4,   -4,   -6,    6,   -6,   -7,   -2,   -1,    9,   -4,    1,   -7,   -4,    7,   -8,   -4,   -6,   -7,   -3,   -1,    2,    9,   -9,    2,    1,    8,    8},
				{  -4,   -2,    8,   -6,    7,    6,    1,   -8,    4,   -9,   -1,   -8,    5,   -1,   -6,   -2,    9,    1,  -10,    2,    2,   -8,    2,    7,   -2,    7,    3,    4,   -4,   -2,   -5,   -3,    7,    8,    1,    3,   -7,   -2,    9,   -5,  -10,    3,   -9,    5,   -8,   -4,    8,    6,   -1,   -3,   -6,    2,   -7,    8,    8,   -5,    3,   -5,   -2,   -9,   -4,   -7,    6,   -8,   -9,    2,    5,   -2,   -6,    4,    6,    6,  -10,   -5,   -2,    3,    4,   -4,  -10,    7,   -2,   -7,   -6,  -10,    5,    2,    8,   -9,    7,    4,    9,   -7,    6,    9,   -6,    3,   -7,    5,   -8,   -7},
				{  -1,   -9,   -6,   -8,    4,   -4,    8,    8,    1,   -9,   -2,    5,    8,    7,    2,    4,    6,   -1,   -1,   -5,   -6,   -7,   -1,    4,    9,   -1,   -8,    2,   -6,   -6,   -9,   -2,    5,    1,   -8,   -7,    5,   -1,    2,    8,    6,   -5,   -6,   -8,   -8,   -2,    2,   -8,    7,   -4,   -9,    6,   -4,   -5,    9,   -7,    3,    7,   -6,    7,    6,    2,    3,    1,   -8,   -5,    6,   -8,    4,    6,   -8,    7,    4,    9,   -4,   -6,    8,    1,   -4,    1,    6,    9,    7,  -10,   -4,    4,    9,  -10,   -1,    2,    2,    7,   -4,   -6,   -3,   -6,    8,   -9,    4,    8},
				{   2,   -7,   -8,   -8,   -3,  -10,   -8,    2,    3,   -3,    4,    2,    4,  -10,   -6,    1,    7,   -7,    8,   -7,   -6,   -1,    5,    8,   -4,   -8,   -8,   -6,    2,    8,    8,   -7,    6,    7,   -1,    8,    6,    1,   -6,    6,   -8,    4,   -6,    8,    1,   -2,   -5,   -4,    5,    1,    1,   -7,    7,   -9,  -10,    6,   -3,    6,    1,   -1,   -7,    5,   -4,   -8,    7,   -9,    6,   -9,    6,   -7,   -3,    9,   -4,   -7,   -8,   -7,   -5,    6,    9,    8,    6,   -2,   -4,   -7,    3,   -1,  -10,   -8,    3,    4,   -8,    4,   -4,    3,   -5,    2,  -10,    8,    8,    7},
				{   6,   -3,    3,    8,   -9,   -3,   -4,   -4,   -1,   -9,   -9,   -4,   -1,    2,   -3,   -6,    8,   -6,    6,    7,   -9,   -3,    9,   -1,   -4,  -10,    3,   -1,   -2,   -4,    3,    8,   -7,   -9,   -4,  -10,    2,   -3,    6,    3,   -9,    1,   -6,   -6,   -3,    7,    9,   -3,   -4,   -5,   -8,  -10,   -3,    1,    8,    1,   -8,   -3,   -8,    8,   -5,   -4,    2,    1,   -4,    9,   -3,    9,   -8,   -7,   -8,    6,    9,    6,   -9,    2,   -3,   -3,   -3,   -1,   -9,  -10,    4,    3,    8,    6,    1,   -7,   -9,   -7,   -6,   -9,    9,   -6,    3,    5,    7,    4,   -3,    2},
				{   6,  -10,    7,    1,    9,    7,   -9,    6,   -5,    1,    4,    4,   -3,    9,   -4,  -10,    4,   -1,    4,    1,    4,    5,    5,   -1,    9,   -4,    3,    2,    7,    6,   -4,    4,    6,   -8,    7,    2,   -6,   -8,    8,  -10,    1,    5,   -8,   -2,    5,    6,    7,    6,    7,    3,   -9,   -7,    2,   -1,    7,   -7,   -6,   -9,  -10,    1,  -10,   -8,   -6,    7,    9,    2,   -7,   -1,   -3,   -8,   -5,   -5,    1,   -4,    3,   -4,    6,    1,    8,    6,    4,    7,    9,    8,    1,    9,    5,    1,    6,    4,  -10,   -2,   -2,   -6,    5,    1,    2,  -10,    2,   -1},
				{  -4,    7,    8,    5,   -7,    5,   -7,   -7,   -6,    3,   -4,   -5,    1,   -1,   -3,   -7,    5,   -7,   -9,   -6,    9,  -10,    7,   -3,    6,  -10,   -8,   -3,    3,    6,   -3,    3,    9,   -7,   -3,   -3,   -1,   -5,    8,   -1,   -5,   -9,   -4,    1,   -2,    1,   -1,    1,   -3,   -7,    9,   -5,   -2,    1,    4,    1,    6,    4,   -6,    4,   -4,    5,   -4,   -6,  -10,    4,   -7,    4,    2,    6,    3,   -4,    5,   -2,  -10,   -7,    4,   -5,   -7,   -7,    1,    4,    1,    9,   -1,   -3,   -5,   -9,   -3,   -3,    2,   -9,   -4,  -10,   -3,    3,    8,   -6,   -4,   -7},
				{ -10,    6,   -6,   -4,    8,    8,  -10,    5,   -8,    5,    1,    5,    5,   -5,   -1,  -10,   -4,   -3,    7,    8,   -9,    3,   -9,    7,    3,   -1,   -7,   -6,   -7,   -2,    6,   -5,   -9,   -3,   -6,    9,   -2,   -5,   -3,   -6,   -6,    8,    9,    5,   -9,    6,   -6,   -3,   -6,   -3,   -5,    4,    8,   -1,   -5,  -10,   -5,    9,   -7,   -6,   -4,   -4,   -4,    7,   -8,   -1,   -8,    1,    3,   -3,   -2,    7,    2,    5,  -10,    6,    5,    7,   -1,   -8,    2,   -9,    8,    5,   -7,   -8,    3,    3,   -3,    6,    7,   -4,   -8,   -3,   -5,   -6,   -5,   -6,    5,    5},
				{  -7,    8,    9,    9,  -10,   -8,   -5,   -6,   -4,    5,   -5,  -10,    3,   -2,    4,   -2,   -7,    2,   -7,   -3,    2,    4,    9,    8,    9,    2,    8,  -10,    8,    6,   -9,   -3,    3,   -3,    6,   -5,   -5,   -3,    4,   -9,   -3,   -9,    4,    8,    1,  -10,    2,   -9,   -3,   -2,    3,    1,   -1,    8,    6,    9,    7,    8,    8,   -5,    9,    1,   -9,   -9,    6,    4,    7,    7,    9,    4,    2,    6,    1,   -5,    5,   -5,    1,    2,    5,   -7,   -4,   -8,    5,    9,    7,    1,   -4,   -5,    9,   -7,    1,   -9,    2,   -5,   -3,    7,   -3,    4,    5,   -5},
				{  -1,    9,    7,    7,    4,   -9,   -6,   -5,   -3,    9,    4,   -2,   -7,   -7,    8,   -2,   -8,    2,    5,    5,   -8,   -1,   -5,   -1,   -8,    7,    6,   -6,   -8,    1,  -10,    2,    7,   -2,    9,   -5,    1,    7,    8,   -9,   -1,   -3,   -9,    1,    3,    6,   -3,    3,   -7,    2,    9,    3,    2,    7,    5,    8,   -1,    4,   -6,   -9,    3,   -9,   -1,    6,    6,    7,    6,   -1,   -8,   -9,    8,    6,   -7,    2,   -4,   -2,    1,    9,    5,    2,   -9,   -7,   -1,   -6,    9,   -2,   -6,    3,    9,  -10,  -10,    2,  -10,   -5,    4,  -10,   -1,  -10,  -10,    6},
				{  -2,   -5,   -7,   -2,    7,   -9,   -8,   -4,    2,    2,  -10,    4,    9,   -4,    8,    5,   -9,   -8,   -9,   -9,   -5,    3,  -10,    1,   -3,    8,    5,   -1,   -8,   -4,  -10,  -10,    9,   -9,    5,   -6,    1,   -7,    7,    4,   -4,    5,   -2,   -5,    9,   -1,   -6,    3,   -7,   -2,    5,   -6,   -5,   -4,    6,  -10,   -7,    9,  -10,   -4,   -1,    7,   -2,    6,   -6,   -2,   -4,   -4,    5,    3,    9,    4,   -5,   -3,   -2,    9,    8,    4,    2,    9,    1,    3,   -7,   -1,   -1,   -7,   -6,   -4,    1,    3,    2,    9,    7,   -3,    1,    9,   -9,    8,    8,   -3},
				{  -5,   -3,    7,    8,   -7,   -4,   -4,  -10,   -6,    7,    4,    9,    9,   -7,   -5,   -8,   -4,    9,   -3,   -1,    3,    1,   -8,    7,    7,    5,    5,    6,   -7,    8,    2,    1,   -1,    9,    4,    3,    6,   -9,   -1,   -5,    7,   -5,    7,   -5,  -10,    7,    9,    7,  -10,   -8,   -9,    1,    1,   -7,    9,    7,   -3,    7,    1,    4,    2,   -6,   -3,    1,    5,  -10,    8,  -10,    9,    7,    1,   -6,    1,   -3,    8,    4,    1,    5,    9,    2,   -4,   -9,   -7,    9,    4,   -5,   -9,   -4,   -2,  -10,    2,    7,   -1,    8,   -6,   -7,    6,    9,   -7,   -7},
				{   8,    1,   -1,   -4,   -1,  -10,    3,   -3,   -8,    8,    3,   -7,   -5,    2,   -7,   -9,    8,    2,    3,    1,   -6,  -10,   -2,    4,   -1,    6,   -6,   -9,    6,   -2,   -5,   -3,   -3,    9,   -9,    6,    5,    2,  -10,   -8,   -6,   -5,    9,  -10,    8,    5,    2,    8,   -4,    5,    3,   -1,    7,    5,    3,   -5,   -1,   -3,   -3,    2,    8,   -6,    3,    9,  -10,   -9,    7,    5,   -7,    4,    3,   -6,   -7,    8,    5,   -2,  -10,    6,    4,    1,   -5,   -8,    1,   -8,    2,   -1,    2,  -10,    7,    2,   -4,   -5,   -2,   -3,  -10,   -4,    8,    1,  -10,   -4},
				{   2,   -9,    7,   -9,    4,   -5,   -3,   -4,   -3,   -7,    4,   -8,    4,   -5,   -6,   -6,   -8,    4,   -3,    5,   -2,   -8,    8,    7,    7,   -4,    5,    5,    2,   -2,    2,   -9,    4,    2,    1,    8,    6,    9,    2,    6,    5,   -4,    2,   -9,    6,   -6,    1,    1,   -7,   -8,   -4,    4,   -8,    4,    4,   -4,   -5,   -2,   -3,    7,   -6,   -4,   -9,    4,    9,    2,   -7,    6,    4,    2,   -8,    3,    6,   -3,   -9,   -5,    4,    9,   -8,    7,   -2,    2,   -6,    1,    3,    9,    3,   -8,    5,    2,   -9,    3,    3,   -8,    1,  -10,    1,   -6,   -1,    9},
				{  -7,    9,   -7,    1,    9,    8,   -6,   -7,    7,   -1,   -6,    3,    3,    1,    6,    8,   -6,   -5,   -2,   -9,    8,   -3,    8,   -2,    2,    4,    2,    8,    9,    8,    6,    7,    3,    1,    5,   -6,   -9,    1,    9,    3,   -3,    5,   -7,    4,  -10,   -5,   -1,   -9,    6,    6,   -4,   -9,    4,  -10,    3,    3,    9,    8,    8,    3,    9,   -9,   -8,    7,   -2,    1,    9,    4,    4,    9,    9,    6,   -4,    3,   -3,    2,    3,  -10,   -9,   -6,  -10,    7,   -2,   -8,   -5,    7,    5,    5,   -2,    2,   -5,    2,    9,    6,    3,  -10,   -9,   -6,    9,   -9},
				{   2,    3,    7,   -6,   -7,   -4,    3,   -5,   -5,    9,    1,   -3,   -5,   -4,    3,   -3,   -6,   -4,  -10,   -9,    6,   -1,   -4,    7,    2,   -9,    8,    7,    8,   -3,   -3,   -2,    6,   -2,    5,   -9,   -8,   -1,   -5,   -4,    5,    3,   -5,   -3,   -1,    4,   -8,    7,   -9,   -9,   -3,   -9,   -1,    1,    7,   -5,    9,    6,    1,   -4,   -2,   -2,    6,   -5,    6,   -9,   -1,   -9,    7,    5,   -3,   -1,   -5,    7,    8,   -1,    2,    6,    7,    2,    9,   -7,   -6,    6,   -4,   -8,   -6,    1,    9,   -6,   -3,    2,   -9,   -4,   -1,    2,    8,   -8,    3,    9},
				{   6,   -6,    7,   -1,    3,    8,    2,    7,    4,  -10,    1,  -10,    1,  -10,   -7,    2,    4,   -5,    7,    7,   -9,   -9,    5,    5,    2,    5,   -2,   -9,   -2,   -3,    9,   -2,    8,   -1,    7,   -7,   -9,  -10,    9,   -1,   -8,    8,    7,    8,   -2,   -4,   -6,    8,   -1,    3,    4,   -2,    3,  -10,   -6,    9,   -6,    9,    3,   -5,   -5,    2,   -8,   -7,   -4,    4,    6,   -6,   -3,    4,    8,   -8,   -4,    8,   -1,    7,   -6,    9,   -1,    6,    3,    8,   -7,    9,    4,    4,   -8,   -5,   -7,   -4,   -8,   -4,   -3,   -3,    4,    6,   -1,    2,   -7,   -9},
				{   6,    4,   -5,    7,   -4,   -6,  -10,    2,    9,    6,   -7,    8,   -1,    3,    3,    9,   -2,   -4,    6,    4,   -2,   -3,   -7,    8,    5,   -8,    7,    6,   -9,    6,    2,   -2,  -10,    9,   -1,   -9,   -9,    7,    2,   -9,   -7,    6,  -10,    6,   -6,    4,    3,   -3,    2,    1,    9,   -1,   -5,   -2,   -1,    7,   -5,   -2,   -2,    4,   -7,    4,    5,    2,    4,    7,   -2,   -5,    2,   -9,    1,    5,   -2,  -10,    5,   -8,    1,    6,   -3,    6,   -5,   -1,   -4,    5,    9,   -2,   -6,    5,   -8,    4,    7,   -5,    4,    9,    2,    2,   -4,    8,   -5,    9},
				{   4,    1,   -5,    1,   -3,    6,    1,    9,    4,   -9,    5,    8,    1,   -7,    8,   -8,    3,   -2,   -5,   -7,    1,   -5,   -2,    4,    9,  -10,    2,  -10,    1,   -1,    3,    5,    3,   -9,    8,   -9,   -2,    5,    4,  -10,    3,    1,   -3,   -4,  -10,    3,    1,   -5,   -7,    4,    9,    8,   -9,   -9,    6,   -9,   -5,   -4,    3,    1,   -6,    7,    6,  -10,    4,   -7,    6,   -1,   -4,    7,  -10,    6,   -6,    1,    4,   -3,   -5,    2,    8,   -3,   -7,   -9,   -9,    4,   -9,  -10,   -9,    9,   -9,   -3,    8,   -4,   -7,  -10,   -2,    8,   -3,   -7,    8,    6},
				{   3,   -9,   -4,    5,    9,   -1,    6,   -2,   -1,   -1,   -8,   -5,    3,    3,    8,    8,   -4,   -9,  -10,   -2,   -3,    2,    8,    4,   -5,    1,   -5,   -6,    8,   -1,   -6,    6,   -6,    1,    7,   -2,   -9,    6,    9,   -8,   -9,  -10,    3,    1,   -2,   -4,    6,    7,    9,  -10,   -2,   -2,  -10,   -5,   -1,   -3,    8,    5,    3,    4,    8,    8,    1,    6,   -5,    8,    2,    6,   -5,    2,   -1,    5,   -1,    5,    9,    7,   -5,    2,   -5,    4,    5,  -10,    9,    6,   -5,    7,   -5,    7,    2,    4,   -1,   -8,   -5,    8,   -6,   -2,   -9,    6,  -10,    9},
				{  -1,    1,    7,    2,  -10,    2,   -2,  -10,    7,   -8,    3,    1,   -6,   -6,    2,   -7,   -3,    6,   -1,   -9,   -1,    4,  -10,    8,    1,   -7,   -7,   -6,    8,   -9,   -2,    6,    4,    4,    9,   -1,   -7,   -1,   -6,    9,   -9,   -3,  -10,  -10,   -3,    2,    6,  -10,   -6,  -10,    4,   -3,    9,   -8,   -9,   -3,   -2,    2,   -5,    1,    1,    6,   -2,    8,   -3,    3,   -5,    7,  -10,    8,   -5,   -3,    5,    8,   -3,   -9,   -1,   -6,    3,    6,    8,  -10,    1,   -7,    7,   -8,   -9,    3,    9,   -5,    8,   -9,   -8,    2,    5,    9,    6,   -9,    1,   -6},
				{  -3,  -10,    6,   -7,    7,    9,   -3,   -4,    8,   -6,  -10,    8,    2,    7,    2,   -5,   -4,  -10,   -6,   -9,   -4,    6,    7,    2,    8,   -8,   -8,   -3,   -3,    7,    7,    8,    9,   -9,    7,   -1,    7,   -6,   -7,   -5,   -7,   -8,    2,    7,    2,  -10,   -2,   -4,   -2,   -3,    2,    2,   -2,    5,   -6,   -2,   -5,   -2,    1,   -4,   -3,   -1,   -4,  -10,   -2,   -7,   -6,    8,    3,   -2,   -7,    6,   -3,    9,    9,    6,    7,   -5,   -1,   -3,   -6,   -6,    7,    2,   -8,   -7,   -3,    4,   -7,   -9,   -8,   -6,    9,   -9,    7,    1,   -9,   -7,    8,  -10},
				{  -8,    3,    5,   -9,   -4,    5,   -6,   -2,  -10,   -7,   -1,    5,    9,    8,    1,    4,    2,   -1,  -10,   -6,   -6,   -6,   -2,    5,   -2,   -3,   -9,   -7,   -4,    7,   -8,    2,    7,    9,   -7,    2,    1,   -3,  -10,    9,    1,  -10,   -6,    3,   -4,    3,    5,    9,    9,    2,   -6,   -8,    3,    5,    1,    7,   -4,   -5,   -3,    1,   -9,    5,   -2,   -6,    6,    1,   -7,   -9,   -1,    1,    1,   -8,    9,   -7,    2,   -6,   -9,    7,   -7,    2,    9,    8,    4,   -7,    7,    3,   -8,   -5,    8,   -7,   -3,   -5,   -9,   -5,    1,    1,   -8,   -3,    1,   -5},
				{  -6,   -2,    5,   -2,   -7,   -2,   -9,    1,    5,   -4,    4,    8,    6,    3,   -9,    2,    6,    3,    7,   -7,   -7,    6,    4,   -5,   -8,    5,   -7,    3,   -2,   -3,   -3,    2,    7,   -1,    3,   -7,   -2,    1,    8,   -6,   -1,    2,   -9,   -7,   -3,   -8,    1,   -2,    2,   -7,   -3,    9,   -3,   -3,  -10,    1,   -6,    6,   -4,    2,   -3,   -1,   -7,   -6,    4,   -9,   -2,   -2,    2,    3,   -3,    3,    7,    2,    1,    8,   -2,    9,   -3,   -9,    4,   -6,    7,    4,    4,   -1,   -1,   -1,    3,    3,   -6,    9,    6,   -5,   -2,   -9,  -10,    4,   -5,    6},
				{  -3,   -2,    3,   -7,    6,   -1,   -2,    2,    1,   -2,   -1,   -1,    3,   -7,    8,    2,    6,   -6,   -2,   -5,  -10,    1,    1,    2,   -5,   -7,   -4,    5,  -10,  -10,   -9,    3,  -10,   -9,    9,    9,   -8,   -3,    2,   -8,    6,    9,   -3,  -10,    2,    3,   -1,   -9,   -3,   -9,    2,    3,   -1,  -10,    8,   -7,    7,    4,   -9,    9,   -7,    6,  -10,    3,    1,    2,   -6,    7,   -9,   -7,    4,   -8,   -2,    3,   -3,   -9,    6,    9,   -5,   -7,  -10,    2,   -2,    2,    1,    9,   -7,   -8,    3,   -8,   -2,   -8,    2,   -9,    8,    8,    3,   -3,   -5,   -9},
				{   5,    5,   -6,   -2,   -2,   -7,    9,    6,   -3,    2,    1,   -1,   -3,    9,   -6,    9,    1,    8,   -4,    1,    9,   -9,    7,   -2,    7,   -3,   -4,  -10,    4,    9,    5,   -7,    8,    7,   -4,   -8,    4,    2,   -1,   -2,    2,   -1,   -5,   -2,    6,    8,  -10,   -8,   -5,   -8,   -7,    5,    6,    9,    2,   -8,    6,    7,   -8,    4,   -5,    3,    1,   -2,   -8,    1,   -4,    4,   -3,    5,    1,   -2,   -1,   -9,    7,    9,   -9,    6,    2,   -1,   -6,    6,    7,   -6,    2,    1,   -7,   -7,    3,   -6,    4,    4,    8,    4,    4,    6,    7,    8,   -4,    1},
				{  -4,   -6,   -7,   -7,   -7,   -1,    1,   -6,    2,   -4,   -6,   -5,   -4,    9,    4,   -1,    2,    1,    2,   -5,    4,   -2,    1,   -1,   -4,    9,    2,  -10,   -2,   -1,   -5,   -9,   -5,   -2,   -5,    2,    3,    2,    2,    4,   -9,   -9,    3,  -10,    5,   -3,   -3,   -3,   -1,    4,  -10,  -10,    4,    8,  -10,    8,   -7,   -1,   -9,   -3,    2,   -1,   -5,   -4,    8,   -6,   -8,    3,   -2,    7,   -6,   -6,    3,   -8,    2,   -1,   -9,    3,   -5,  -10,    9,   -3,    4,   -8,    7,    4,   -4,    9,   -2,   -5,    2,    4,   -7,   -4,   -9,    7,   -1,    6,   -8,    8},
				{  -7,    4,   -3,   -1,    2,    6,   -4,    5,    1,   -8,   -4,   -5,   -7,   -2,   -2,    5,    9,    3,   -3,   -1,    7,   -3,   -2,    2,   -5,   -7,   -1,   -6,    1,    1,   -1,   -1,   -1,    1,  -10,    6,    1,   -5,    4,   -8,   -1,    3,   -1,   -6,   -5,    2,   -8,   -4,  -10,   -3,    4,    2,    1,    1,   -2,   -4,    7,   -6,    7,   -2,  -10,    1,   -1,    9,    3,   -6,   -9,    5,   -9,   -5,   -5,    3,   -4,   -9,    5,    8,   -6,    8,    9,    5,    8,    7,   -2,    3,   -5,   -5,    1,    2,    2,   -8,    8,   -2,    2,   -2,    1,    5,   -3,   -9,  -10,   -4},
				{  -2,   -7,    3,   -2,    9,    5,   -1,   -1,    6,  -10,   -1,   -1,   -4,   -5,    9,   -1,   -4,  -10,   -5,    5,    6,   -9,    4,   -6,  -10,   -5,    1,    4,    8,    7,    3,   -7,   -1,   -1,    6,   -4,   -9,  -10,   -5,   -2,    6,   -6,    8,    7,   -8,   -3,    2,    8,    6,   -2,   -7,    4,    6,    5,    2,   -5,   -8,   -7,    9,  -10,    2,   -3,    4,   -2,   -9,   -3,   -6,   -3,    6,   -2,    5,   -6,   -2,    2,    6,    1,    2,   -5,    6,    4,   -3,    5,   -2,    1,    4,    3,    1,   -9,   -8,   -3,   -6,   -1,   -9,    2,   -8,   -3,   -2,   -8,    9,   -9},
				{   8,    8,   -4,    4,    3,  -10,   -5,   -9,    9,   -2,   -8,   -1,   -2,   -2,   -8,    8,    5,    5,    9,    1,   -3,    5,    7,    7,    1,    6,   -7,   -4,   -2,   -3,    5,    8,   -9,    7,   -4,    9,    4,   -4,   -2,   -9,   -9,   -3,   -2,  -10,    5,    6,   -3,   -7,   -2,   -5,   -4,    9,    7,  -10,  -10,  -10,   -2,    7,   -7,    2,   -9,   -9,    6,   -5,    8,   -2,    8,   -1,    5,   -8,    9,    6,    7,    2,    1,   -6,    6,    5,   -4,   -9,   -9,    8,   -8,   -7,   -6,   -7,   -8,   -1,    3,    9,    2,   -7,  -10,  -10,    1,   -4,   -2,    9,   -4,    6},
				{  -5,  -10,   -3,   -8,    1,   -4,   -6,   -6,   -5,   -8,    9,   -4,   -6,    6,   -7,   -9,    9,   -2,   -7,  -10,   -6,   -3,    5,  -10,    8,   -3,   -2,    3,    6,   -3,   -6,   -3,    2,    8,    9,   -9,   -1,    7,   -8,    6,    3,  -10,   -2,    4,   -6,   -9,    5,  -10,   -9,   -9,   -1,   -6,   -3,    3,   -4,   -4,    2,   -2,    8,    3,    3,    3,    8,    6,   -6,    3,   -9,   -8,    9,   -4,   -8,   -4,  -10,    9,  -10,   -7,   -3,   -8,   -8,   -6,    7,    1,   -3,    7,    1,  -10,    7,   -3,   -9,    6,    3,    7,    2,   -7,    3,   -4,    5,   -1,    8,    4},
				{  -2,   -6,    2,   -2,    4,    5,    6,   -3,   -4,    2,    3,    3,    9,   -1,   -8,    8,   -3,    4,  -10,    3,   -5,    2,   -3,   -1,    3,    1,   -7,   -7,    5,    9,    5,    6,  -10,   -2,    5,    8,   -6,    2,    9,   -8,    4,   -4,   -2,   -9,   -2,    9,  -10,   -2,   -4,   -8,   -8,   -8,   -7,   -3,    3,   -1,    6,    1,  -10,   -6,    6,    5,    3,    8,   -7,   -7,    6,   -5,   -5,   -3,    3,   -3,    2,   -9,  -10,   -1,  -10,    5,    2,   -2,    3,    8,    4,   -1,   -9,   -7,   -9,   -9,   -2,    3,  -10,    8,   -9,   -4,  -10,    8,   -4,   -7,   -2,    8},
				{  -3,   -3,    6,   -4,   -8,    6,   -9,   -2,    1,    1,   -8,   -4,    5,   -6,   -9,   -9,    9,    6,   -6,   -2,    5,   -7,    8,   -6,    9,    9,   -3,   -1,    6,    5,    5,   -1,   -3,   -7,    3,   -7,   -6,    9,    2,    4,    1,    1,   -7,    6,   -5,   -8,    7,   -1,    2,   -4,    2,    1,    1,   -8,    7,   -9,    2,    2,    2,  -10,   -3,    4,    4,  -10,    8,  -10,   -6,   -5,    4,   -7,   -7,   -2,   -4,    4,  -10,   -9,   -3,   -7,    2,    4,    1,    2,    9,    6,    5,   -8,    8,   -1,    1,   -1,   -9,   -6,   -8,    2,   -2,    9,    9,    4,  -10,    7},
				{  -1,   -3,    8,   -7,   -3,   -5,    5,    3,    6,   -4,   -3,   -7,    3,    7,    9,   -4,   -6,    2,   -1,    1,    8,  -10,    9,  -10,   -6,    9,   -7,    7,   -9,    3,    3,    1,    3,    5,   -2,    8,   -1,   -1,   -8,    2,    3,   -1,    5,   -8,    1,   -4,    1,    8,    8,    8,    6,    5,    4,   -8,   -6,   -1,   -2,   -6,    5,    7,   -6,    8,   -9,   -1,   -9,   -4,   -7,   -5,    4,    5,   -9,    3,   -2,    3,    5,   -7,   -3,   -5,   -1,   -1,   -9,    2,   -1,    2,    3,   -7,    5,  -10,    3,   -9,    3,   -6,    7,  -10,   -1,   -4,    7,   -1,   -2,   -5},
				{   5,   -9,    4,    5,  -10,    5,    2,   -1,    2,  -10,    7,    8,   -3,   -7,   -8,    2,    9,   -5,   -1,   -9,    5,    6,   -1,   -3,    6,    2,   -8,   -2,    2,   -2,   -4,   -9,    7,    1,    6,    4,    8,   -1,   -3,   -5,    6,    7,    3,   -5,   -9,   -9,   -6,   -5,   -5,   -3,    5,   -4,    2,    1,    8,   -5,   -7,   -6,    1,   -2,   -8,   -3,    8,    4,   -4,    9,   -1,    1,    7,    1,   -1,   -4,    5,    8,    8,    6,    5,   -1,   -1,    6,   -4,    6,    4,   -4,   -2,    5,   -3,   -6,   -7,   -1,   -1,   -3,    6,    3,  -10,    1,    2,   -7,    8,    2},
				{   9,    5,    1,   -6,    3,    8,   -9,    8,   -6,   -9,    5,    7,    4,    6,   -7,   -5,    6,   -7,   -5,    9,    3,    3,   -8,   -4,    4,    1,   -9,    1,    3,    4,   -8,    2,   -9,   -5,    5,   -6,    5,   -3,    4,    3,   -4,    2,   -2,    2,    6,    6,   -3,   -8,    7,    3,   -7,   -3,   -6,   -4,    3,   -9,    9,   -4,    8,   -8,    8,   -5,   -7,   -3,    2,    3,    1,   -8,    3,  -10,  -10,   -4,   -4,   -8,   -1,    8,   -1,    7,   -3,   -5,  -10,    3,   -5,   -2,    3,  -10,    7,   -6,   -6,   -4,    7,    2,   -1,    9,    2,   -8,    2,   -8,    8,   -8},
				{  -3,   -1,    1,   -3,   -1,    1,   -3,    1,   -2,    7,   -6,    9,   -9,   -6,   -5,    2,    7,   -5,   -4,    7,   -3,    3,   -7,    2,   -3,   -4,   -8,    1,   -5,   -7,    7,   -5,   -8,    8,    9,    2,   -4,   -7,   -9,   -4,   -1,    4,    2,   -6,    5,    1,    4,   -8,   -3,    7,    9,  -10,    4,    3,    7,   -3,   -9,    5,    2,   -2,   -1,    6,   -2,   -2,    5,    4,   -1,    9,   -6,    4,   -8,    6,   -2,  -10,   -1,   -5,    5,   -3,   -3,    6,    3,   -7,   -1,  -10,   -4,   -9,    3,    3,   -6,   -3,    6,   -7,   -6,    8,   -5,  -10,    8,    1,    4,   -3},
				{  -9,   -8,    9,   -3,   -8,  -10,    4,    8,    4,    4,   -2,   -1,    4,   -6,    7,   -3,    2,    7,    9,   -1,   -9,  -10,   -7,   -3,   -8,   -5,  -10,  -10,    1,    1,    8,   -8,    1,    7,   -4,    3,   -6,    5,   -5,    2,   -3,  -10,   -3,    1,   -7,    5,   -4,    6,    1,   -5,   -4,   -1,    1,   -3,    3,   -4,   -6,   -7,    8,   -4,   -6,   -7,   -8,   -3,    6,    9,    2,  -10,   -7,   -2,    6,   -4,   -6,   -1,   -2,    1,   -2,    3,   -3,    3,   -4,   -2,   -6,   -7,    4,   -5,   -4,   -8,    1,    5,    9,    8,   -9,  -10,    4,    9,   -9,    2,    8,   -5},
				{  -6,    5,   -1,   -6,    4,    4,   -5,   -9,    3,   -2,    7,    7,    1,    7,   -2,    8,   -1,  -10,    4,   -9,    8,    1,   -6,   -5,    6,    2,   -1,   -9,   -3,   -1,    3,    7,   -9,   -8,   -8,    1,    2,    9,   -6,    2,  -10,   -4,    5,    8,   -9,    3,    1,    2,   -7,    2,   -7,    2,  -10,   -8,   -6,    8,   -7,   -8,    7,   -8,    9,    5,   -2,    9,   -3,   -1,    3,   -4,    3,    9,    2,   -4,    2,   -4,    6,    2,    8,   -7,    9,   -9,  -10,    4,    9,   -7,  -10,   -5,    3,    9,    8,  -10,   -7,    6,   -5,    3,    7,   -3,   -3,    5,   -7,    6},
				{  -9,  -10,   -1,   -7,   -4,    8,   -3,   -8,    2,    3,   -2,   -8,   -3,  -10,    5,   -1,    4,   -6,   -7,   -3,    5,   -2,   -2,   -1,   -1,    6,  -10,   -4,    2,   -5,   -3,    3,    5,   -8,    2,   -5,    3,    4,    8,    5,    6,    8,   -5,   -2,   -2,    9,   -2,   -4,   -6,    2,    7,   -2,   -3,    1,   -2,    9,    8,    4,   -2,  -10,    3,    4,    4,  -10,    5,    4,    1,    5,    4,  -10,    2,   -2,   -5,    5,   -9,   -2,    4,   -6,   -8,  -10,   -2,    2,    9,   -5,   -3,  -10,   -3,   -5,    9,   -2,   -7,   -3,  -10,   -7,   -7,    3,   -8,   -6,    7,   -9},
				{   7,    1,   -9,    6,    6,    2,   -3,   -6,   -1,    8,  -10,    1,   -4,   -8,    3,    7,    4,   -1,   -7,   -4,    4,    3,   -9,    8,    1,    5,   -1,    9,    9,   -4,    5,   -6,   -7,   -6,   -8,    4,    7,    8,   -5,   -8,    4,    8,   -4,   -9,    1,    5,   -3,   -2,    2,   -9,   -5,   -7,    9,   -9,    1,    8,   -7,    1,   -9,   -3,   -7,   -7,    1,    9,   -5,    8,    6,   -4,    2,   -2,    3,   -5,   -6,  -10,   -1,    9,   -6,   -6,    8,   -9,    1,   -4,   -7,    3,   -4,    3,    5,   -6,    9,   -1,   -7,    8,   -8,    2,   -4,   -1,    6,   -2,    7,    5},
				{   6,    3,   -3,   -5,   -7,    1,    6,   -1,    6,    5,    4,    7,    1,    2,   -2,   -5,    3,   -1,    2,    7,    6,    4,    5,   -5,   -3,   -5,    7,  -10,   -9,   -6,   -8,    8,   -7,    3,    3,   -1,   -7,    4,  -10,  -10,   -3,   -8,    8,  -10,    4,   -8,   -7,   -5,   -7,    8,    7,   -9,    6,   -2,   -3,   -8,   -1,    6,    3,   -8,    9,   -9,   -8,    1,   -3,    5,    4,   -2,   -5,    5,   -5,   -6,   -1,   -7,    6,    3,    5,    1,   -7,    7,   -4,   -9,    9,   -2,    6,   -4,   -6,    4,   -5,    5,   -6,   -6,   -9,   -9,   -1,    4,   -4,   -3,   -7,   -9},
				{   3,    8,   -8,    8,    6,    2,   -9,   -4,   -1,    6,    8,   -9,   -9,   -5,   -7,    3,   -1,   -8,    2,    2,   -9,  -10,   -2,   -7,   -7,    3,    7,   -9,  -10,    1,    2,   -6,    8,    9,  -10,    3,    9,   -4,   -9,    2,    1,   -3,   -8,   -7,   -3,   -6,   -6,   -4,   -4,    3,   -5,   -5,   -7,   -5,   -3,    9,  -10,    5,   -2,   -3,   -8,   -4,    1,   -9,   -8,    8,   -9,    7,    5,   -4,    1,   -9,    9,    8,    5,   -4,   -9,   -1,   -1,   -2,    1,    7,   -8,   -3,    6,    6,    9,    4,   -6,   -3,    7,   -8,   -3,    4,    2,    1,   -9,    8,    4,    9},
				{   2,  -10,    8,   -8,    1,    6,    3,   -6,   -2,    3,    7,    5,    9,   -9,   -9,   -9,   -1,    5,    4,   -4,    5,    1,    8,    1,   -7,   -1,    7,  -10,    9,    6,    3,    7,   -8,   -3,   -4,    2,    9,    7,   -9,    7,    6,   -1,    7,   -3,   -3,    3,   -5,    8,    8,   -8,   -7,   -4,   -6,    9,    3,    7,   -9,   -1,    1,   -6,   -4,   -1,    6,   -6,   -6,    3,    6,   -5,   -5,   -8,    3,   -6,   -4,    3,   -6,   -9,    7,   -1,    9,   -6,    4,   -9,    1,    9,    1,    6,   -7,    8,    7,    5,   -8,    7,    7,  -10,   -6,    7,   -6,  -10,   -3,    6},
				{  -5,   -3,    8,   -2,    2,   -2,    9,   -2,   -7,    9,   -6,   -6,   -8,   -2,   -3,  -10,    3,    3,    8,    7,   -2,    4,    3,    1,    2,    9,    3,    2,   -7,   -9,   -6,   -3,    7,   -3,   -4,    4,   -7,   -9,   -3,   -1,    8,   -4,    8,   -5,    1,    6,   -4,    5,    7,    8,    6,   -5,    8,    5,    1,    4,   -6,   -9,    8,    5,   -3,   -8,    2,   -3,   -3,   -2,   -4,   -7,    7,    6,    2,    1,    5,   -6,    4,  -10,   -8,   -9,   -6,    9,  -10,    3,   -7,    9,    8,    5,    9,   -9,    8,   -7,   -8,   -1,   -9,   -7,    6,   -8,   -8,    1,   -8,    1},
				{  -4,   -3,  -10,   -4,   -6,   -5,  -10,    6,   -4,    7,   -7,   -9,   -8,    2,    4,    5,   -4,    7,    5,   -1,   -9,    4,   -7,  -10,    1,   -6,    2,   -2,    8,    5,    8,   -4,   -7,    3,   -1,   -2,   -5,   -2,   -2,    7,    7,    2,   -2,    3,   -2,   -3,    3,   -6,   -4,   -9,    4,    9,    5,   -1,    5,    1,   -9,    3,    1,    5,    4,   -2,   -8,   -6,    9,   -1,    3,    2,  -10,   -3,    1,    5,    6,   -3,   -8,  -10,  -10,   -3,  -10,   -3,    2,   -6,  -10,    4,    3,    8,    2,    7,    4,   -9,    8,   -2,   -6,   -6,    3,    3,    9,    5,    9,    2},
				{   6,   -6,   -1,   -7,    4,   -6,   -5,   -9,   -8,   -1,   -3,    2,    1,   -9,   -2,   -6,    9,   -9,    9,   -1,    4,    7,    5,   -9,    1,    3,   -3,  -10,    1,   -9,   -2,   -4,    3,    2,    8,    2,   -8,    5,    3,    6,   -9,    1,    7,   -3,   -9,    4,   -9,   -9,    4,   -8,    5,    1,    2,   -5,    2,    3,   -5,    5,    2,   -4,    6,    8,  -10,    1,    2,   -4,  -10,    6,    4,    3,   -7,   -5,    7,   -5,   -3,    2,    2,    5,    3,   -2,    3,    1,    6,    5,    3,   -4,   -8,    1,    6,    7,   -3,   -1,   -2,   -3,   -3,    8,   -3,    7,   -9,   -6},
				{  -6,    1,    9,    8,    1,   -9,   -6,    3,   -5,    2,    4,   -3,   -7,    9,    7,    2,   -3,    4,    7,    3,    7,    5,    1,   -5,   -7,   -7,   -4,    3,   -6,   -9,    2,   -2,    4,   -3,    8,   -6,   -4,   -5,    7,    7,   -1,   -1,   -1,    1,   -5,   -4,   -6,   -5,   -2,   -7,   -2,   -7,    9,    7,   -7,    6,   -3,   -5,   -6,    3,    2,   -9,    5,    5,    4,    3,   -9,    1,   -9,    8,   -1,    3,   -8,    9,   -2,   -3,   -7,  -10,    6,    6,    3,   -2,    3,    3,   -6,   -8,   -1,   -1,  -10,    2,   -8,    7,   -9,   -2,   -2,    4,   -3,   -5,    8,   -2},
				{  -9,   -7,   -1,    6,    8,    4,    3,   -3,   -6,    3,    3,   -9,    8,    9,   -4,    4,    5,  -10,   -7,    3,   -9,    9,   -5,  -10,   -9,   -2,   -2,   -9,    3,    7,   -6,   -1,    9,   -2,   -5,   -5,   -9,   -2,    7,    1,   -4,    2,   -8,  -10,    6,   -6,   -6,    4,    4,    3,   -3,  -10,    6,    4,    7,   -1,   -6,   -3,    8,   -3,  -10,   -6,  -10,    5,   -7,   -1,   -4,   -4,   -6,    4,    2,    5,   -1,   -8,   -5,   -3,    3,    6,    2,   -8,    2,    5,    9,    9,   -1,   -6,   -2,  -10,    1,    3,    7,   -6,    5,    4,    8,  -10,    2,   -3,   -3,    8},
				{   8,   -1,   -6,   -2,   -1,    7,    3,   -5,  -10,   -9,   -5,   -3,   -9,   -7,    8,    9,   -5,   -8,    6,   -5,   -7,   -9,   -8,    6,   -5,   -1,   -3,   -2,   -4,   -4,   -9,    5,    7,    6,    2,    1,   -4,   -8,   -7,   -1,   -3,    3,    8,    9,    3,   -9,   -8,   -6,    6,   -1,    4,    9,   -6,    1,   -7,    3,    9,   -9,  -10,    6,    7,   -1,   -6,   -3,    3,   -3,    2,    3,    8,   -1,    5,    1,   -7,    5,   -9,   -1,   -6,   -3,   -8,    2,   -9,  -10,    7,    7,    8,    1,    3,   -4,    4,    8,    7,   -6,   -9,    6,   -4,    5,   -7,   -6,   -9,   -9},
				{  -6,    4,   -9,   -8,    3,    8,   -2,   -5,   -5,    6,   -6,   -8,   -3,    3,   -5,   -1,    2,   -5,   -9,  -10,  -10,    1,   -3,   -5,    1,    1,   -8,   -4,    4,   -4,   -3,   -4,   -8,   -4,    3,   -3,    4,   -9,   -8,   -3,   -8,   -5,    3,    1,    3,    8,    1,   -3,    2,    5,   -4,   -6,    6,   -3,   -8,   -3,    3,   -2,   -4,   -3,    3,   -3,    2,    2,  -10,    6,    7,   -2,   -8,    1,    6,    9,    5,    6,   -3,    4,   -2,   -3,   -7,    2,    9,   -5,   -6,    8,    3,   -1,    6,    7,   -3,   -4,    5,   -3,   -4,    4,   -1,   -4,    2,   -3,   -3,   -9},
				{  -9,    7,   -6,   -1,  -10,    4,    9,    9,    5,   -4,   -4,    7,   -4,   -7,    1,   -4,   -4,  -10,    1,   -2,    9,    7,   -3,   -1,    2,  -10,    1,    4,    9,   -6,    5,   -9,   -4,   -6,   -5,   -1,    1,   -4,   -1,    6,    4,   -1,    2,   -5,    2,    2,   -6,    1,    2,    4,   -1,   -7,    5,    9,   -2,    4,   -6,    4,   -5,    9,    9,    4,   -3,  -10,   -8,    4,   -9,    9,   -8,   -6,    7,    8,   -6,    3,   -2,   -6,   -7,    6,    3,   -4,    5,   -5,    5,   -4,    7,   -7,    3,   -9,   -1,   -4,   -1,    3,   -1,    3,  -10,    2,    2,    8,  -10,   -2},
				{  -1,    6,    6,   -1,    4,   -2,   -8,   -4,   -6,   -1,    5,   -8,   -7,    6,   -1,    5,    4,    9,   -6,  -10,   -5,   -9,   -6,   -4,   -4,   -6,   -3,   -5,    4,   -5,    4,  -10,   -5,    7,    9,    8,  -10,    8,    5,    3,    5,  -10,   -9,    3,   -4,   -2,   -7,    8,    6,   -9,   -2,   -7,    8,    7,    3,   -2,   -5,    7,    6,    9,   -8,    1,   -6,    4,    7,    9,   -7,    9,   -7,   -2,    2,   -5,    4,    7,   -9,   -6,    1,    1,  -10,   -3,    8,    2,    8,    2,    6,   -1,   -6,   -4,   -2,   -5,   -5,   -4,   -7,   -4,   -4,    5,    1,    9,   -8,    1},
				{   1,    5,    2,   -3,   -8,   -3,   -6,   -3,    7,   -6,   -9,    8,    3,  -10,    1,   -9,    2,    7,   -1,   -8,    1,   -9,    1,   -2,   -9,    6,  -10,   -5,   -4,    1,   -2,    7,    1,   -2,    3,   -2,   -1,    9,    5,   -8,   -4,    8,    3,   -6,    5,   -5,   -7,   -5,    6,   -7,    9,    3,    4,  -10,   -4,   -4,   -9,    2,   -9,    4,   -3,    3,    5,   -9,   -8,   -6,    8,    4,    1,   -5,    6,   -8,   -4,    9,   -3,   -7,   -9,   -4,   -8,    9,    6,    7,   -5,    3,   -6,    6,   -2,    4,   -1,    7,   -5,   -1,   -8,    5,   -2,   -4,   -4,    3,    3,    7},
				{   7,   -1,    2,    9,  -10,   -6,  -10,   -4,   -4,   -4,    1,   -5,  -10,   -6,   -3,    6,   -7,    5,    3,   -9,   -2,    6,    6,    4,   -4,   -3,   -8,   -8,    9,  -10,   -4,   -2,    7,    5,    8,    1,    8,    4,    3,   -2,    7,    7,    3,    1,    3,    1,    6,  -10,   -7,    7,    9,   -3,    1,    6,    7,   -7,   -4,    9,   -1,   -6,   -1,    7,   -8,   -7,    6,    9,   -7,    9,   -3,   -8,    8,   -5,   -4,   -8,    2,   -3,    8,   -5,   -3,    9,    9,    4,    2,   -6,   -9,    8,   -1,   -7,    3,   -9,    2,    5,    4,   -7,    8,   -1,   -4,    7,   -8,    5},
				{   7,   -7,   -1,    9,   -8,    5,   -5,    2,    1,    7,   -3,   -1,   -5,   -9,   -5,    2,   -8,    7,   -6,  -10,    2,    5,    9,   -6,    1,    2,    8,   -4,   -2,    6,   -8,   -3,   -9,    8,    3,   -8,   -3,   -8,    6,   -4,    7,    2,    3,    2,   -4,    3,    2,    3,   -2,    3,   -5,    6,   -7,    9,    5,   -6,   -4,    6,    1,   -5,    2,   -5,    3,   -8,    5,   -6,   -6,  -10,   -7,   -8,   -1,   -8,   -6,   -1,    2,   -9,    5,    3,   -3,   -8,    1,    3,    4,   -4,    7,    2,    3,    7,   -4,   -4,    2,   -7,   -5,    7,    8,  -10,    6,  -10,   -3,   -4},
				{  -7,    2,   -1,    2,   -1,   -7,   -7,   -9,    9,    8,    1,   -7,   -4,    5,    9,   -3,    7,    1,    9,    3,   -1,   -9,   -7,   -9,   -8,    5,    7,   -6,   -7,   -3,   -7,   -9,   -5,    1,   -7,   -7,   -2,   -5,   -3,   -6,  -10,    3,   -2,   -2,    2,    2,   -7,   -1,   -3,    1,   -8,    7,    4,   -1,    7,   -7,    1,    4,    1,    2,    2,   -3,   -3,    6,   -6,    3,   -3,   -7,   -4,   -2,    5,    8,    5,   -9,   -4,    3,   -8,  -10,    7,    6,    9,   -3,   -1,   -3,    3,    9,   -2,   -3,   -5,    7,    7,   -3,   -7,   -2,   -1,    5,    2,    3,   -8,   -1},
				{   1,    9,   -8,   -4,    3,    9,    7,    9,  -10,    7,    2,    3,    5,   -1,   -4,   -7,   -6,  -10,   -9,    2,    7,   -5,    7,    7,    9,   -6,   -1,   -4,    8,   -8,    2,    4,    2,   -7,    7,    3,   -4,  -10,   -1,   -5,    6,    7,    1,    7,   -8,   -5,   -2,    8,   -5,    1,   -1,   -2,    2,    2,   -1,   -2,    6,   -5,    5,   -9,    5,   -7,   -7,   -9,   -7,   -9,    2,  -10,    3,   -3,   -6,    4,    3,   -7,   -8,    9,  -10,    7,    9,    6,    9,    8,    3,    2,    6,   -4,    7,    6,   -6,   -7,   -2,    3,    5,  -10,   -5,    2,   -3,    5,    1,   -7},
				{   7,   -5,   -1,    5,    1,   -6,  -10,    8,    4,   -6,   -9,    9,   -4,   -5,    1,   -7,   -6,   -6,   -6,    3,   -5,   -9,   -5,    6,    1,   -6,    6,    8,    8,   -9,   -1,   -4,    2,    4,   -4,   -6,    9,   -6,  -10,   -1,    2,    3,   -2,   -8,    6,   -7,   -5,   -2,   -2,   -7,   -8,    2,    6,    8,   -5,    7,    2,   -2,    8,  -10,   -6,    7,   -7,   -3,   -4,  -10,    9,    2,    7,   -6,    4,   -7,    5,  -10,   -6,   -5,  -10,  -10,   -9,    4,    3,    4,   -5,   -4,  -10,    4,   -9,   -9,    7,    2,    6,   -6,    6,   -3,   -6,    3,   -8,   -8,    2,    9},
				{   8,    7,   -8,    8,    3,   -4,   -6,   -4,   -3,    1,    6,   -9,    1,   -4,    6,    3,    3,    2,   -4,   -4,   -4,   -8,   -9,    8,   -8,   -9,   -2,    5,    1,   -5,    9,    9,   -9,   -9,    1,   -6,    1,    7,   -9,   -1,    3,    5,   -9,    9,    9,    7,    4,   -8,    7,   -5,    9,   -6,    9,    6,   -3,  -10,   -9,   -9,   -9,    9,    8,    8,    3,   -3,   -5,   -3,   -1,    5,   -3,    8,   -7,    9,    2,   -6,    3,   -4,    1,    1,    4,   -1,   -9,    9,   -6,    1,    1,    1,    9,    7,   -1,    7,   -9,    3,   -9,    2,   -5,    9,   -1,    5,   -2,    1},
				{   8,   -7,    9,    3,    5,    5,   -8,    3,    3,   -8,   -4,   -6,   -9,    9,   -1,    3,    1,   -8,   -2,   -6,    5,   -4,   -9,    2,   -3,    8,   -1,    3,    3,    2,  -10,    5,    1,   -4,  -10,   -9,   -6,    2,   -1,   -8,   -7,   -2,    9,   -6,   -1,   -7,    8,   -8,    7,    3,    5,   -6,  -10,    7,    7,    5,   -7,   -2,    2,   -7,    8,    8,   -8,    9,   -2,   -5,   -9,    1,   -3,   -9,    6,   -9,   -6,   -2,   -6,   -5,  -10,  -10,   -4,   -1,    9,   -5,   -5,    5,    3,   -8,    9,    2,    6,  -10,    9,    8,   -9,   -2,   -2,    8,   -6,    4,   -8,    2},
				{  -1,  -10,    4,   -2,    3,    2,    7,   -9,    7,   -5,    5,    7,    7,    6,    7,   -4,   -4,    2,   -4,   -4,    9,   -1,   -9,    3,   -9,   -2,    2,    8,   -7,   -2,   -2,   -3,   -1,    3,    8,   -8,   -5,   -2,    4,  -10,    2,   -3,   -8,    2,   -3,    8,   -7,    8,    8,   -8,   -2,   -8,   -4,   -4,  -10,    7,  -10,   -2,    8,   -7,   -9,   -8,   -2,   -5,   -9,  -10,    4,    6,   -7,    2,    1,    3,    4,  -10,  -10,   -3,   -5,   -8,    4,   -9,  -10,    8,    2,   -4,   -1,   -7,    6,   -5,    4,    3,   -4,    3,    4,    4,   -7,   -1,    8,    4,    6,    7},
				{   3,    7,   -2,    2,  -10,   -3,    5,   -3,   -8,   -5,    5,    9,    7,   -1,   -5,    2,   -1,   -6,    6,   -1,    5,    5,    8,   -4,   -8,   -4,    2,   -8,    1,    3,   -2,    2,   -6,    3,    5,   -1,   -1,    8,    4,    6,   -2,    2,   -3,   -7,    4,   -8,    5,    9,    2,   -9,    4,   -8,    1,   -7,    7,    3,    3,   -7,   -9,   -7,   -1,    3,    1,   -8,    6,    3,    7,   -1,    9,    9,    8,    1,   -9,    4,   -6,   -5,   -4,   -7,    3,   -3,    8,    8,   -3,   -5,   -9,  -10,    8,   -7,   -9,   -6,   -2,   -2,    6,   -7,   -4,    7,    3,   -7,   -5,    9},
				{   2,   -9,    1,    1,    2,   -3,   -5,   -1,    5,    1,   -8,   -1,    3,    8,   -3,    8,    6,   -8,   -8,   -3,   -3,   -3,    7,    1,   -6,    3,   -7,    7,    8,    7,    2,   -2,    3,   -1,    7,    4,    9,    8,    5,    6,   -6,    7,    2,    3,   -5,    9,    9,   -2,   -4,    5,    3,   -4,   -7,   -2,   -6,   -4,    1,   -4,    9,    3,   -4,   -7,   -4,   -1,    1,    7,   -5,   -9,   -2,    5,    3,   -6,   -8,  -10,    6,   -7,    4,    3,   -8,   -9,    8,   -5,    2,    8,   -9,    2,   -3,    1,   -8,   -7,    8,    7,    9,   -7,    8,   -9,    6,   -8,    9,    4},
				{   5,   -2,    6,   -4,    9,    3,    3,   -9,    1,    8,    9,   -9,    5,    8,    1,   -1,    8,   -6,    5,    9,    7,    4,    3,   -6,    1,   -5,    6,    1,    4,    5,  -10,   -5,   -3,  -10,    6,    8,    9,    8,    7,    6,   -7,   -8,    1,  -10,    9,    6,   -2,    9,    9,    3,    3,    4,   -4,   -6,   -9,   -1,    8,   -6,    9,    4,   -6,   -5,   -6,   -2,   -3,   -3,    5,   -3,    6,   -2,   -9,   -3,   -2,    2,    7,    4,   -1,   -3,   -2,    8,    2,  -10,    9,    2,  -10,    8,    7,    6,    7,    3,   -2,    5,    8,   -5,    6,   -1,    1,   -2,    5,    1},
				{   4,    9,    6,   -6,   -1,    6,   -4,  -10,    1,   -6,   -2,   -6,   -2,   -1,   -1,  -10,    9,   -4,   -4,   -1,  -10,    8,    1,    3,   -9,    2,    5,   -6,    6,    5,   -8,    2,   -3,   -7,   -1,   -6,   -3,    3,    7,   -9,    2,  -10,   -2,   -9,    2,    1,   -1,   -3,    9,    6,    2,   -8,    3,   -9,    1,   -7,    9,   -4,  -10,    7,   -1,    2,   -9,   -9,   -9,    9,   -2,   -6,   -1,   -5,    3,   -5,    2,   -5,    5,   -1,   -2,    6,   -1,    8,    7,    5,   -9,   -3,    1,    1,   -7,    5,   -7,    5,    7,   -4,   -2,   -4,    2,    9,   -5,    3,   -2,   -5},
				{  -9,   -7,    8,    4,    5,   -9,  -10,    2,    4,    9,   -6,   -1,    9,    2,   -1,    3,   -4,   -9,    7,    2,   -7,    8,    8,   -6,    9,   -9,    1,    1,    7,   -1,   -5,  -10,   -4,    4,   -6,    7,    3,    8,    5,    7,   -9,   -7,   -4,    2,  -10,    9,   -2,    3,   -6,    4,    5,    9,   -9,   -7,   -9,    1,    4,    8,   -7,    3,    8,    2,    9,   -2,    5,   -3,    9,   -7,   -9,   -5,    9,   -4,  -10,   -3,    4,    6,    3,    6,    9,   -6,    1,    3,   -3,   -5,    5,   -8,   -6,   -7,   -3,   -9,   -8,    5,   -8,    6,    4,   -8,   -9,   -9,    1,    9},
				{   9,   -8,    5,   -4,   -4,    9,    5,    7,   -8,    3,  -10,    5,  -10,   -5,    1,    8,   -1,   -1,   -7,    2,    5,    8,    3,    5,   -5,    3,    7,   -1,   -5,   -4,    9,   -6,   -5,    6,    6,    7,   -8,    6,    1,  -10,   -2,   -8,    5,   -5,    6,   -1,   -7,  -10,  -10,    4,   -3,   -7,    2,    7,    6,    2,    6,   -9,   -2,   -2,   -2,   -3,    8,    8,   -1,   -5,    8,   -9,   -5,    5,   -6,    2,    5,   -6,   -1,   -4,    3,    3,    1,   -7,    6,    4,   -1,   -4,   -8,   -4,    9,  -10,    8,    3,   -2,   -4,    7,   -9,   -7,    5,    6,   -8,    7,  -10},
				{   5,   -7,    8,   -5,   -2,    1,    8,   -4,   -9,    2,   -9,   -8,   -3,   -8,    7,   -6,   -2,   -8,   -5,    9,   -1,   -7,   -8,    8,   -2,   -4,   -3,    1,    5,    1,  -10,    7,    7,   -6,   -7,    5,    4,   -5,    4,    6,    1,    3,   -5,   -2,   -6,   -5,   -1,    4,    6,   -5,   -9,    3,   -3,   -7,    5,   -1,    9,    6,    2,   -5,   -2,    1,    1,    7,    9,   -7,   -8,   -3,   -7,    2,    4,   -9,   -1,    6,   -5,   -7,  -10,   -8,    9,    5,   -4,   -9,    3,    4,   -1,    7,    6,   -5,   -3,   -1,    6,   -3,   -2,    7,    4,   -1,   -7,   -4,    5,   -3},
				{  -7,   -9,    8,    5,   -5,    7,   -3,   -5,   -2,    2,    5,    5,   -8,    4,   -7,    7,    2,  -10,    6,    1,  -10,    6,   -1,   -4,   -6,    2,    6,   -9,   -2,    7,   -2,   -9,    9,   -4,   -4,   -1,    7,   -6,   -5,   -4,   -5,  -10,   -7,    1,    6,    2,   -7,   -1,    6,    2,   -9,    9,    3,   -7,   -4,   -8,    3,   -7,   -6,   -8,   -4,   -1,    3,   -8,   -3,   -8,    5,    1,   -3,   -8,   -6,    1,  -10,   -8,   -8,    7,    4,    8,    3,    7,    9,    3,    5,   -4,   -4,    2,    6,    2,   -6,    1,   -9,   -3,   -6,   -2,   -2,    2,    6,   -8,    4,    4},
				{  -5,   -1,    4,   -8,   -4,   -5,    4,    2,    6,   -9,   -3,   -9,   -3,   -3,    8,    1,    4,   -4,    3,    6,    1,   -3,    8,   -3,    2,   -6,    4,   -7,   -6,   -4,   -3,    8,    1,    9,    2,   -3,    4,    8,    7,    4,    2,    1,    5,    3,    3,   -3,    7,    5,   -2,    6,    8,  -10,   -2,    3,    5,   -5,    8,    4,    3,   -9,    9,   -6,    9,    4,    1,    6,    2,   -9,    9,    3,    6,    8,    3,    4,    7,    3,    3,    3,    2,   -3,    9,   -9,    1,    9,    6,   -1,  -10,   -9,   -4,   -1,    3,  -10,   -7,    6,    7,    4,    4,   -3,   -2,   -2},
				{  -2,    1,    6,    4,   -4,    7,   -7,   -1,    9,   -7,    9,    2,    8,   -2,    3,    9,   -3,    3,   -1,   -3,    7,    6,    6,    7,    7,   -6,   -8,    6,  -10,   -2,   -6,   -8,   -5,    6,    9,  -10,   -6,    1,    5,   -7,   -6,    8,    7,    7,   -1,    1,    4,    2,    9,   -4,    1,    2,    8,    4,   -2,   -6,   -1,   -5,   -7,   -5,    5,    6,   -9,   -4,    9,  -10,    7,   -3,  -10,   -7,    1,   -9,   -1,    9,    2,    1,   -1,    6,   -7,   -7,    6,   -9,   -8,    5,   -1,   -6,   -8,    3,    7,   -9,    5,    5,    3,  -10,   -4,  -10,   -2,   -4,   -8,   -6},
				{   9,   -4,    1,   -7,    8,    1,   -2,  -10,    1,    1,  -10,    6,    7,   -9,   -8,   -8,    9,   -3,    2,   -1,    8,    6,    1,    5,   -2,   -2,    4,    7,    2,  -10,    7,   -8,    9,   -1,   -6,   -8,   -3,   -4,    9,   -9,   -4,    5,   -1,    4,    8,    7,    2,   -4,   -7,   -9,   -6,   -7,    5,   -6,    8,    5,    6,    6,    3,    6,    4,    4,   -1,  -10,   -1,    1,   -5,    9,    6,   -9,  -10,    9,  -10,   -2,   -7,    2,    7,   -4,   -8,    4,   -2,    6,    7,    3,    4,    5,   -4,   -3,   -9,    2,    6,   -6,    9,    6,   -2,    5,    6,    6,   -6,   -9}
			};

        int result = Matrix.countAssimilated(matrix);

        assertEquals(3032, result);
    }

}